2000-01-01,1,0.0732
2000-01-02,0,0
2000-01-03,0,0
2000-01-04,1,0.0346
2000-01-05,0,0
2000-01-06,1,0.5938
2000-01-07,1,0.0369
2000-01-08,0,0
2000-01-09,0,0
2000-01-10,0,0
2000-01-11,0,0
2000-01-12,1,0.3937
2000-01-13,0,0
2000-01-14,0,0
2000-01-15,1,0.0531
2000-01-16,0,0
2000-01-17,0,0
2000-01-18,1,0.036
2000-01-19,1,0.0396
2000-01-20,0,0
2000-01-21,1,0.0569
2000-01-22,0,0
2000-01-23,0,0
2000-01-24,0,0
2000-01-25,1,0.1351
2000-01-26,1,0.0721
2000-01-27,0,0
2000-01-28,0,0
2000-01-29,1,0.1267
2000-01-30,0,0
2000-01-31,1,0.0439
2000-02-01,1,0.414
2000-02-02,1,0.1897
2000-02-03,1,0.0398
2000-02-04,1,0.2015
2000-02-05,1,0.0549
2000-02-06,0,0
2000-02-07,1,0.168
2000-02-08,0,0
2000-02-09,0,0
2000-02-10,1,0.0491
2000-02-11,0,0
2000-02-12,0,0
2000-02-13,0,0
2000-02-14,1,0.0327
2000-02-15,1,0.0373
2000-02-16,1,0.1379
2000-02-17,1,0.0528
2000-02-18,0,0
2000-02-19,1,0.0641
2000-02-20,0,0
2000-02-21,0,0
2000-02-22,0,0
2000-02-23,0,0
2000-02-24,0,0
2000-02-25,0,0
2000-02-26,1,0.1243
2000-02-27,1,0.1393
2000-02-28,0,0
2000-02-29,1,0.1835
2000-03-01,0,0
2000-03-02,0,0
2000-03-03,1,0.0537
2000-03-04,0,0
2000-03-05,0,0
2000-03-06,0,0
2000-03-07,0,0
2000-03-08,0,0
2000-03-09,1,0.2044
2000-03-10,1,0.0386
2000-03-11,0,0
2000-03-12,0,0
2000-03-13,1,0.1157
2000-03-14,0,0
2000-03-15,1,0.0453
2000-03-16,0,0
2000-03-17,1,0.5883
2000-03-18,1,0.3253
2000-03-19,1,0.0338
2000-03-20,1,0.3543
2000-03-21,1,0.0303
2000-03-22,0,0
2000-03-23,1,0.1976
2000-03-24,0,0
2000-03-25,1,0.0487
2000-03-26,0,0
2000-03-27,1,0.0604
2000-03-28,1,0.3906
2000-03-29,0,0
2000-03-30,0,0
2000-03-31,0,0
2000-04-01,0,0
2000-04-02,1,0.1316
2000-04-03,0,0
2000-04-04,1,0.0482
2000-04-05,1,0.0398
2000-04-06,1,0.0983
2000-04-07,1,0.5999
2000-04-08,1,0.0618
2000-04-09,0,0
2000-04-10,1,0.0951
2000-04-11,1,0.2021
2000-04-12,0,0
2000-04-13,0,0
2000-04-14,1,0.386
2000-04-15,0,0
2000-04-16,0,0
2000-04-17,0,0
2000-04-18,1,0.5653
2000-04-19,0,0
2000-04-20,0,0
2000-04-21,0,0
2000-04-22,1,0.5647
2000-04-23,1,0.5812
2000-04-24,1,0.1202
2000-04-25,0,0
2000-04-26,1,0.0658
2000-04-27,0,0
2000-04-28,0,0
2000-04-29,1,0.1086
2000-04-30,0,0
2000-05-01,0,0
2000-05-02,0,0
2000-05-03,1,0.0885
2000-05-04,0,0
2000-05-05,0,0
2000-05-06,0,0
2000-05-07,1,0.369
2000-05-08,0,0
2000-05-09,0,0
2000-05-10,1,0.166
2000-05-11,0,0
2000-05-12,0,0
2000-05-13,0,0
2000-05-14,0,0
2000-05-15,0,0
2000-05-16,1,0.0612
2000-05-17,1,0.5945
2000-05-18,0,0
2000-05-19,1,0.0426
2000-05-20,0,0
2000-05-21,0,0
2000-05-22,1,0.5708
2000-05-23,0,0
2000-05-24,0,0
2000-05-25,0,0
2000-05-26,0,0
2000-05-27,0,0
2000-05-28,1,0.0968
2000-05-29,1,0.1553
2000-05-30,0,0
2000-05-31,1,0.5592
2000-06-01,0,0
2000-06-02,1,0.3759
2000-06-03,1,0.1278
2000-06-04,0,0
2000-06-05,1,0.1496
2000-06-06,0,0
2000-06-07,0,0
2000-06-08,0,0
2000-06-09,0,0
2000-06-10,0,0
2000-06-11,1,0.1344
2000-06-12,0,0
2000-06-13,0,0
2000-06-14,1,0.3742
2000-06-15,1,0.3259
2000-06-16,1,0.099
2000-06-17,1,0.0364
2000-06-18,0,0
2000-06-19,0,0
2000-06-20,1,0.1227
2000-06-21,0,0
2000-06-22,0,0
2000-06-23,0,0
2000-06-24,0,0
2000-06-25,0,0
2000-06-26,0,0
2000-06-27,0,0
2000-06-28,0,0
2000-06-29,1,0.5785
2000-06-30,0,0
2000-07-01,0,0
2000-07-02,0,0
2000-07-03,1,0.3596
2000-07-04,0,0
2000-07-05,0,0
2000-07-06,1,0.0995
2000-07-07,1,0.0378
2000-07-08,1,0.1294
2000-07-09,0,0
2000-07-10,0,0
2000-07-11,0,0
2000-07-12,0,0
2000-07-13,0,0
2000-07-14,0,0
2000-07-15,0,0
2000-07-16,0,0
2000-07-17,0,0
2000-07-18,0,0
2000-07-19,1,0.1193
2000-07-20,0,0
2000-07-21,0,0
2000-07-22,1,0.0472
2000-07-23,0,0
2000-07-24,1,0.0973
2000-07-25,1,0.0311
2000-07-26,1,0.1163
2000-07-27,0,0
2000-07-28,0,0
2000-07-29,0,0
2000-07-30,1,0.4084
2000-07-31,1,0.1303
2000-08-01,0,0
2000-08-02,1,0.3356
2000-08-03,0,0
2000-08-04,0,0
2000-08-05,1,0.1933
2000-08-06,0,0
2000-08-07,0,0
2000-08-08,1,0.0776
2000-08-09,0,0
2000-08-10,0,0
2000-08-11,1,0.5798
2000-08-12,0,0
2000-08-13,0,0
2000-08-14,1,0.0335
2000-08-15,1,0.1945
2000-08-16,0,0
2000-08-17,0,0
2000-08-18,0,0
2000-08-19,0,0
2000-08-20,1,0.0776
2000-08-21,0,0
2000-08-22,0,0
2000-08-23,0,0
2000-08-24,0,0
2000-08-25,1,0.1252
2000-08-26,1,0.0384
2000-08-27,1,0.0412
2000-08-28,0,0
2000-08-29,0,0
2000-08-30,1,0.2144
2000-08-31,0,0
2000-09-01,0,0
2000-09-02,1,0.5911
2000-09-03,0,0
2000-09-04,0,0
2000-09-05,1,0.0371
2000-09-06,1,0.1787
2000-09-07,0,0
2000-09-08,0,0
2000-09-09,0,0
2000-09-10,1,0.0558
2000-09-11,0,0
2000-09-12,1,0.0368
2000-09-13,1,0.5564
2000-09-14,1,0.0394
2000-09-15,0,0
2000-09-16,1,0.0321
2000-09-17,1,0.0701
2000-09-18,0,0
2000-09-19,1,0.5666
2000-09-20,0,0
2000-09-21,0,0
2000-09-22,1,0.032
2000-09-23,1,0.5949
2000-09-24,1,0.5622
2000-09-25,1,0.1949
2000-09-26,0,0
2000-09-27,0,0
2000-09-28,1,0.5793
2000-09-29,0,0
2000-09-30,1,0.1357
2000-10-01,1,0.0369
2000-10-02,0,0
2000-10-03,1,0.0435
2000-10-04,1,0.06
2000-10-05,1,0.0358
2000-10-06,1,0.1606
2000-10-07,1,0.0395
2000-10-08,0,0
2000-10-09,0,0
2000-10-10,0,0
2000-10-11,0,0
2000-10-12,0,0
2000-10-13,1,0.0422
2000-10-14,0,0
2000-10-15,0,0
2000-10-16,0,0
2000-10-17,0,0
2000-10-18,0,0
2000-10-19,1,0.5878
2000-10-20,0,0
2000-10-21,0,0
2000-10-22,0,0
2000-10-23,0,0
2000-10-24,0,0
2000-10-25,1,0.4452
2000-10-26,0,0
2000-10-27,0,0
2000-10-28,0,0
2000-10-29,0,0
2000-10-30,1,0.0335
2000-10-31,0,0
2000-11-01,1,0.038
2000-11-02,0,0
2000-11-03,1,0.5523
2000-11-04,0,0
2000-11-05,0,0
2000-11-06,1,0.1746
2000-11-07,0,0
2000-11-08,0,0
2000-11-09,0,0
2000-11-10,1,0.0864
2000-11-11,0,0
2000-11-12,1,0.0893
2000-11-13,1,0.5735
2000-11-14,0,0
2000-11-15,1,0.35
2000-11-16,0,0
2000-11-17,0,0
2000-11-18,0,0
2000-11-19,1,0.1371
2000-11-20,1,0.559
2000-11-21,1,0.1262
2000-11-22,0,0
2000-11-23,1,0.1112
2000-11-24,0,0
2000-11-25,0,0
2000-11-26,0,0
2000-11-27,0,0
2000-11-28,0,0
2000-11-29,0,0
2000-11-30,1,0.0352
2000-12-01,1,0.0561
2000-12-02,1,0.0315
2000-12-03,0,0
2000-12-04,0,0
2000-12-05,0,0
2000-12-06,0,0
2000-12-07,0,0
2000-12-08,0,0
2000-12-09,0,0
2000-12-10,1,0.1208
2000-12-11,0,0
2000-12-12,1,0.5999
2000-12-13,0,0
2000-12-14,0,0
2000-12-15,0,0
2000-12-16,0,0
2000-12-17,0,0
2000-12-18,1,0.5729
2000-12-19,1,0.0586
2000-12-20,0,0
2000-12-21,0,0
2000-12-22,0,0
2000-12-23,0,0
2000-12-24,1,0.0313
2000-12-25,0,0
2000-12-26,0,0
2000-12-27,0,0
2000-12-28,0,0
2000-12-29,0,0
2000-12-30,1,0.5918
2000-12-31,0,0
2001-01-01,0,0
2001-01-02,0,0
2001-01-03,1,0.5837
2001-01-04,0,0
2001-01-05,1,0.095
2001-01-06,1,0.5868
2001-01-07,0,0
2001-01-08,0,0
2001-01-09,0,0
2001-01-10,0,0
2001-01-11,1,0.0586
2001-01-12,0,0
2001-01-13,0,0
2001-01-14,1,0.3851
2001-01-15,1,0.0395
2001-01-16,0,0
2001-01-17,0,0
2001-01-18,0,0
2001-01-19,0,0
2001-01-20,0,0
2001-01-21,1,0.0616
2001-01-22,0,0
2001-01-23,1,0.0532
2001-01-24,0,0
2001-01-25,0,0
2001-01-26,0,0
2001-01-27,1,0.145
2001-01-28,0,0
2001-01-29,0,0
2001-01-30,0,0
2001-01-31,0,0
2001-02-01,1,0.0333
2001-02-02,0,0
2001-02-03,1,0.1162
2001-02-04,0,0
2001-02-05,1,0.0324
2001-02-06,1,0.2146
2001-02-07,1,0.1191
2001-02-08,1,0.1708
2001-02-09,0,0
2001-02-10,0,0
2001-02-11,1,0.4153
2001-02-12,0,0
2001-02-13,0,0
2001-02-14,1,0.0851
2001-02-15,0,0
2001-02-16,1,0.0517
2001-02-17,0,0
2001-02-18,0,0
2001-02-19,0,0
2001-02-20,0,0
2001-02-21,1,0.0875
2001-02-22,0,0
2001-02-23,0,0
2001-02-24,0,0
2001-02-25,0,0
2001-02-26,1,0.0528
2001-02-27,0,0
2001-02-28,0,0
2001-03-01,0,0
2001-03-02,1,0.0751
2001-03-03,0,0
2001-03-04,0,0
2001-03-05,1,0.5945
2001-03-06,0,0
2001-03-07,0,0
2001-03-08,0,0
2001-03-09,1,0.0341
2001-03-10,1,0.0416
2001-03-11,0,0
2001-03-12,0,0
2001-03-13,0,0
2001-03-14,1,0.4217
2001-03-15,0,0
2001-03-16,0,0
2001-03-17,0,0
2001-03-18,1,0.1613
2001-03-19,1,0.1813
2001-03-20,0,0
2001-03-21,0,0
2001-03-22,0,0
2001-03-23,1,0.0724
2001-03-24,0,0
2001-03-25,1,0.038
2001-03-26,0,0
2001-03-27,0,0
2001-03-28,1,0.044
2001-03-29,0,0
2001-03-30,1,0.4403
2001-03-31,0,0
2001-04-01,1,0.3546
2001-04-02,0,0
2001-04-03,0,0
2001-04-04,0,0
2001-04-05,0,0
2001-04-06,0,0
2001-04-07,0,0
2001-04-08,1,0.0367
2001-04-09,0,0
2001-04-10,0,0
2001-04-11,1,0.1123
2001-04-12,1,0.0673
2001-04-13,0,0
2001-04-14,0,0
2001-04-15,0,0
2001-04-16,0,0
2001-04-17,0,0
2001-04-18,0,0
2001-04-19,0,0
2001-04-20,1,0.5798
2001-04-21,0,0
2001-04-22,0,0
2001-04-23,1,0.5535
2001-04-24,0,0
2001-04-25,1,0.3621
2001-04-26,0,0
2001-04-27,0,0
2001-04-28,0,0
2001-04-29,1,0.0583
2001-04-30,0,0
2001-05-01,0,0
2001-05-02,0,0
2001-05-03,0,0
2001-05-04,0,0
2001-05-05,1,0.3932
2001-05-06,0,0
2001-05-07,0,0
2001-05-08,0,0
2001-05-09,1,0.0313
2001-05-10,0,0
2001-05-11,0,0
2001-05-12,1,0.106
2001-05-13,1,0.0395
2001-05-14,0,0
2001-05-15,0,0
2001-05-16,0,0
2001-05-17,0,0
2001-05-18,0,0
2001-05-19,0,0
2001-05-20,0,0
2001-05-21,0,0
2001-05-22,0,0
2001-05-23,1,0.3971
2001-05-24,1,0.0361
2001-05-25,0,0
2001-05-26,0,0
2001-05-27,0,0
2001-05-28,1,0.5809
2001-05-29,0,0
2001-05-30,0,0
2001-05-31,1,0.082
2001-06-01,0,0
2001-06-02,1,0.0521
2001-06-03,0,0
2001-06-04,1,0.0355
2001-06-05,0,0
2001-06-06,1,0.0356
2001-06-07,0,0
2001-06-08,1,0.346
2001-06-09,1,0.0735
2001-06-10,0,0
2001-06-11,0,0
2001-06-12,0,0
2001-06-13,0,0
2001-06-14,0,0
2001-06-15,1,0.2081
2001-06-16,0,0
2001-06-17,0,0
2001-06-18,1,0.0374
2001-06-19,0,0
2001-06-20,0,0
2001-06-21,0,0
2001-06-22,0,0
2001-06-23,1,0.1281
2001-06-24,0,0
2001-06-25,0,0
2001-06-26,0,0
2001-06-27,0,0
2001-06-28,1,0.5978
2001-06-29,1,0.153
2001-06-30,0,0
2001-07-01,1,0.3355
2001-07-02,0,0
2001-07-03,0,0
2001-07-04,1,0.1512
2001-07-05,1,0.1282
2001-07-06,0,0
2001-07-07,0,0
2001-07-08,0,0
2001-07-09,0,0
2001-07-10,0,0
2001-07-11,1,0.3611
2001-07-12,0,0
2001-07-13,0,0
2001-07-14,0,0
2001-07-15,0,0
2001-07-16,0,0
2001-07-17,0,0
2001-07-18,0,0
2001-07-19,0,0
2001-07-20,0,0
2001-07-21,1,0.2006
2001-07-22,1,0.5919
2001-07-23,0,0
2001-07-24,1,0.5745
2001-07-25,0,0
2001-07-26,0,0
2001-07-27,0,0
2001-07-28,0,0
2001-07-29,1,0.1364
2001-07-30,1,0.0435
2001-07-31,0,0
2001-08-01,0,0
2001-08-02,0,0
2001-08-03,1,0.3853
2001-08-04,0,0
2001-08-05,0,0
2001-08-06,0,0
2001-08-07,0,0
2001-08-08,0,0
2001-08-09,0,0
2001-08-10,0,0
2001-08-11,0,0
2001-08-12,0,0
2001-08-13,0,0
2001-08-14,1,0.0389
2001-08-15,0,0
2001-08-16,0,0
2001-08-17,0,0
2001-08-18,0,0
2001-08-19,0,0
2001-08-20,0,0
2001-08-21,0,0
2001-08-22,0,0
2001-08-23,0,0
2001-08-24,0,0
2001-08-25,0,0
2001-08-26,0,0
2001-08-27,0,0
2001-08-28,0,0
2001-08-29,0,0
2001-08-30,0,0
2001-08-31,0,0
2001-09-01,0,0
2001-09-02,0,0
2001-09-03,0,0
2001-09-04,0,0
2001-09-05,1,0.0735
2001-09-06,1,0.055
2001-09-07,1,0.0326
2001-09-08,0,0
2001-09-09,0,0
2001-09-10,0,0
2001-09-11,1,0.1374
2001-09-12,1,0.0338
2001-09-13,1,0.5912
2001-09-14,1,0.1731
2001-09-15,0,0
2001-09-16,0,0
2001-09-17,1,0.0501
2001-09-18,0,0
2001-09-19,1,0.0383
2001-09-20,0,0
2001-09-21,1,0.0337
2001-09-22,1,0.4021
2001-09-23,0,0
2001-09-24,0,0
2001-09-25,1,0.0337
2001-09-26,1,0.5842
2001-09-27,1,0.1299
2001-09-28,1,0.1829
2001-09-29,0,0
2001-09-30,0,0
2001-10-01,1,0.5683
2001-10-02,0,0
2001-10-03,1,0.0413
2001-10-04,1,0.0916
2001-10-05,0,0
2001-10-06,0,0
2001-10-07,0,0
2001-10-08,1,0.4064
2001-10-09,1,0.0395
2001-10-10,0,0
2001-10-11,0,0
2001-10-12,1,0.3292
2001-10-13,0,0
2001-10-14,0,0
2001-10-15,0,0
2001-10-16,0,0
2001-10-17,0,0
2001-10-18,1,0.0419
2001-10-19,1,0.556
2001-10-20,0,0
2001-10-21,0,0
2001-10-22,0,0
2001-10-23,1,0.1799
2001-10-24,1,0.1351
2001-10-25,1,0.061
2001-10-26,0,0
2001-10-27,1,0.1183
2001-10-28,0,0
2001-10-29,0,0
2001-10-30,0,0
2001-10-31,0,0
2001-11-01,0,0
2001-11-02,0,0
2001-11-03,0,0
2001-11-04,0,0
2001-11-05,1,0.0415
2001-11-06,1,0.0341
2001-11-07,0,0
2001-11-08,0,0
2001-11-09,1,0.0311
2001-11-10,1,0.5734
2001-11-11,0,0
2001-11-12,0,0
2001-11-13,1,0.1489
2001-11-14,1,0.0476
2001-11-15,1,0.1345
2001-11-16,0,0
2001-11-17,0,0
2001-11-18,0,0
2001-11-19,0,0
2001-11-20,1,0.3642
2001-11-21,0,0
2001-11-22,1,0.1211
2001-11-23,0,0
2001-11-24,1,0.2024
2001-11-25,0,0
2001-11-26,1,0.1908
2001-11-27,0,0
2001-11-28,0,0
2001-11-29,0,0
2001-11-30,0,0
2001-12-01,0,0
2001-12-02,0,0
2001-12-03,0,0
2001-12-04,1,0.1115
2001-12-05,1,0.0378
2001-12-06,0,0
2001-12-07,0,0
2001-12-08,0,0
2001-12-09,0,0
2001-12-10,0,0
2001-12-11,0,0
2001-12-12,1,0.0408
2001-12-13,0,0
2001-12-14,0,0
2001-12-15,0,0
2001-12-16,0,0
2001-12-17,0,0
2001-12-18,0,0
2001-12-19,0,0
2001-12-20,0,0
2001-12-21,0,0
2001-12-22,0,0
2001-12-23,0,0
2001-12-24,1,0.0398
2001-12-25,0,0
2001-12-26,1,0.1753
2001-12-27,1,0.157
2001-12-28,0,0
2001-12-29,0,0
2001-12-30,0,0
2001-12-31,0,0
2002-01-01,0,0
2002-01-02,1,0.5524
2002-01-03,0,0
2002-01-04,0,0
2002-01-05,0,0
2002-01-06,1,0.0813
2002-01-07,0,0
2002-01-08,1,0.5846
2002-01-09,0,0
2002-01-10,1,0.0391
2002-01-11,0,0
2002-01-12,1,0.5829
2002-01-13,0,0
2002-01-14,0,0
2002-01-15,0,0
2002-01-16,1,0.0952
2002-01-17,0,0
2002-01-18,1,0.0579
2002-01-19,0,0
2002-01-20,0,0
2002-01-21,0,0
2002-01-22,1,0.1072
2002-01-23,0,0
2002-01-24,0,0
2002-01-25,0,0
2002-01-26,1,0.0309
2002-01-27,0,0
2002-01-28,0,0
2002-01-29,1,0.3991
2002-01-30,0,0
2002-01-31,0,0
2002-02-01,1,0.065
2002-02-02,1,0.0374
2002-02-03,1,0.5708
2002-02-04,0,0
2002-02-05,0,0
2002-02-06,0,0
2002-02-07,1,0.1273
2002-02-08,1,0.0536
2002-02-09,1,0.0732
2002-02-10,0,0
2002-02-11,1,0.5518
2002-02-12,0,0
2002-02-13,0,0
2002-02-14,1,0.5547
2002-02-15,1,0.06
2002-02-16,0,0
2002-02-17,0,0
2002-02-18,0,0
2002-02-19,0,0
2002-02-20,1,0.0948
2002-02-21,0,0
2002-02-22,0,0
2002-02-23,0,0
2002-02-24,0,0
2002-02-25,0,0
2002-02-26,0,0
2002-02-27,0,0
2002-02-28,0,0
2002-03-01,1,0.2081
2002-03-02,1,0.1465
2002-03-03,1,0.4362
2002-03-04,0,0
2002-03-05,0,0
2002-03-06,0,0
2002-03-07,0,0
2002-03-08,0,0
2002-03-09,1,0.5625
2002-03-10,0,0
2002-03-11,0,0
2002-03-12,0,0
2002-03-13,1,0.5531
2002-03-14,0,0
2002-03-15,1,0.1677
2002-03-16,0,0
2002-03-17,1,0.0627
2002-03-18,1,0.5761
2002-03-19,0,0
2002-03-20,0,0
2002-03-21,0,0
2002-03-22,0,0
2002-03-23,1,0.3379
2002-03-24,0,0
2002-03-25,0,0
2002-03-26,0,0
2002-03-27,1,0.5883
2002-03-28,0,0
2002-03-29,0,0
2002-03-30,1,0.5821
2002-03-31,0,0
2002-04-01,0,0
2002-04-02,1,0.0651
2002-04-03,1,0.1246
2002-04-04,0,0
2002-04-05,0,0
2002-04-06,0,0
2002-04-07,0,0
2002-04-08,0,0
2002-04-09,0,0
2002-04-10,1,0.1979
2002-04-11,0,0
2002-04-12,0,0
2002-04-13,0,0
2002-04-14,0,0
2002-04-15,0,0
2002-04-16,0,0
2002-04-17,1,0.0377
2002-04-18,0,0
2002-04-19,0,0
2002-04-20,0,0
2002-04-21,0,0
2002-04-22,0,0
2002-04-23,0,0
2002-04-24,1,0.0975
2002-04-25,0,0
2002-04-26,1,0.0578
2002-04-27,0,0
2002-04-28,1,0.1018
2002-04-29,0,0
2002-04-30,0,0
2002-05-01,1,0.5914
2002-05-02,0,0
2002-05-03,0,0
2002-05-04,0,0
2002-05-05,0,0
2002-05-06,0,0
2002-05-07,0,0
2002-05-08,1,0.1634
2002-05-09,1,0.3644
2002-05-10,0,0
2002-05-11,0,0
2002-05-12,1,0.5629
2002-05-13,0,0
2002-05-14,1,0.1367
2002-05-15,1,0.0998
2002-05-16,1,0.0325
2002-05-17,1,0.0453
2002-05-18,0,0
2002-05-19,0,0
2002-05-20,0,0
2002-05-21,0,0
2002-05-22,0,0
2002-05-23,1,0.569
2002-05-24,0,0
2002-05-25,0,0
2002-05-26,1,0.328
2002-05-27,1,0.3251
2002-05-28,0,0
2002-05-29,0,0
2002-05-30,0,0
2002-05-31,0,0
2002-06-01,0,0
2002-06-02,1,0.1373
2002-06-03,1,0.1548
2002-06-04,1,0.036
2002-06-05,0,0
2002-06-06,1,0.0306
2002-06-07,1,0.2017
2002-06-08,0,0
2002-06-09,0,0
2002-06-10,0,0
2002-06-11,0,0
2002-06-12,0,0
2002-06-13,1,0.5668
2002-06-14,0,0
2002-06-15,0,0
2002-06-16,0,0
2002-06-17,0,0
2002-06-18,0,0
2002-06-19,0,0
2002-06-20,0,0
2002-06-21,0,0
2002-06-22,0,0
2002-06-23,0,0
2002-06-24,1,0.0479
2002-06-25,1,0.5564
2002-06-26,0,0
2002-06-27,0,0
2002-06-28,0,0
2002-06-29,1,0.0616
2002-06-30,0,0
2002-07-01,0,0
2002-07-02,0,0
2002-07-03,0,0
2002-07-04,1,0.5684
2002-07-05,0,0
2002-07-06,0,0
2002-07-07,0,0
2002-07-08,0,0
2002-07-09,0,0
2002-07-10,0,0
2002-07-11,1,0.0311
2002-07-12,0,0
2002-07-13,0,0
2002-07-14,0,0
2002-07-15,1,0.1142
2002-07-16,0,0
2002-07-17,0,0
2002-07-18,0,0
2002-07-19,1,0.034
2002-07-20,0,0
2002-07-21,1,0.1715
2002-07-22,0,0
2002-07-23,1,0.5609
2002-07-24,0,0
2002-07-25,1,0.0377
2002-07-26,1,0.562
2002-07-27,1,0.3748
2002-07-28,0,0
2002-07-29,1,0.0851
2002-07-30,1,0.1426
2002-07-31,1,0.2101
2002-08-01,1,0.0487
2002-08-02,0,0
2002-08-03,0,0
2002-08-04,1,0.1704
2002-08-05,0,0
2002-08-06,0,0
2002-08-07,0,0
2002-08-08,0,0
2002-08-09,0,0
2002-08-10,0,0
2002-08-11,1,0.0585
2002-08-12,0,0
2002-08-13,1,0.5627
2002-08-14,1,0.0538
2002-08-15,1,0.1139
2002-08-16,0,0
2002-08-17,0,0
2002-08-18,0,0
2002-08-19,0,0
2002-08-20,0,0
2002-08-21,1,0.5656
2002-08-22,0,0
2002-08-23,0,0
2002-08-24,1,0.1339
2002-08-25,0,0
2002-08-26,0,0
2002-08-27,1,0.3983
2002-08-28,1,0.136
2002-08-29,1,0.1016
2002-08-30,1,0.0316
2002-08-31,0,0
2002-09-01,1,0.581
2002-09-02,0,0
2002-09-03,1,0.561
2002-09-04,0,0
2002-09-05,1,0.0529
2002-09-06,0,0
2002-09-07,0,0
2002-09-08,1,0.5955
2002-09-09,1,0.1145
2002-09-10,0,0
2002-09-11,1,0.0725
2002-09-12,0,0
2002-09-13,0,0
2002-09-14,0,0
2002-09-15,1,0.4344
2002-09-16,1,0.1099
2002-09-17,1,0.5857
2002-09-18,0,0
2002-09-19,0,0
2002-09-20,0,0
2002-09-21,0,0
2002-09-22,1,0.1139
2002-09-23,0,0
2002-09-24,1,0.5746
2002-09-25,0,0
2002-09-26,1,0.0385
2002-09-27,0,0
2002-09-28,1,0.558
2002-09-29,0,0
2002-09-30,0,0
2002-10-01,1,0.1728
2002-10-02,0,0
2002-10-03,0,0
2002-10-04,0,0
2002-10-05,1,0.0377
2002-10-06,0,0
2002-10-07,0,0
2002-10-08,0,0
2002-10-09,0,0
2002-10-10,0,0
2002-10-11,0,0
2002-10-12,1,0.3487
2002-10-13,0,0
2002-10-14,0,0
2002-10-15,1,0.0492
2002-10-16,0,0
2002-10-17,1,0.5638
2002-10-18,0,0
2002-10-19,1,0.5718
2002-10-20,0,0
2002-10-21,1,0.148
2002-10-22,1,0.0341
2002-10-23,0,0
2002-10-24,0,0
2002-10-25,1,0.5506
2002-10-26,1,0.0923
2002-10-27,0,0
2002-10-28,0,0
2002-10-29,1,0.0863
2002-10-30,1,0.5687
2002-10-31,0,0
2002-11-01,0,0
2002-11-02,1,0.0339
2002-11-03,0,0
2002-11-04,0,0
2002-11-05,1,0.0764
2002-11-06,1,0.1922
2002-11-07,0,0
2002-11-08,1,0.1323
2002-11-09,1,0.3967
2002-11-10,0,0
2002-11-11,0,0
2002-11-12,1,0.0707
2002-11-13,1,0.5923
2002-11-14,1,0.5951
2002-11-15,0,0
2002-11-16,0,0
2002-11-17,0,0
2002-11-18,0,0
2002-11-19,0,0
2002-11-20,1,0.0858
2002-11-21,0,0
2002-11-22,1,0.0374
2002-11-23,0,0
2002-11-24,0,0
2002-11-25,0,0
2002-11-26,1,0.0302
2002-11-27,0,0
2002-11-28,1,0.1944
2002-11-29,0,0
2002-11-30,1,0.0519
2002-12-01,1,0.0381
2002-12-02,1,0.4015
2002-12-03,0,0
2002-12-04,0,0
2002-12-05,0,0
2002-12-06,0,0
2002-12-07,1,0.0482
2002-12-08,0,0
2002-12-09,0,0
2002-12-10,0,0
2002-12-11,0,0
2002-12-12,0,0
2002-12-13,0,0
2002-12-14,1,0.0868
2002-12-15,0,0
2002-12-16,0,0
2002-12-17,1,0.5946
2002-12-18,0,0
2002-12-19,1,0.0964
2002-12-20,1,0.1266
2002-12-21,0,0
2002-12-22,0,0
2002-12-23,0,0
2002-12-24,0,0
2002-12-25,0,0
2002-12-26,1,0.0818
2002-12-27,0,0
2002-12-28,1,0.0526
2002-12-29,1,0.0422
2002-12-30,0,0
2002-12-31,1,0.5944
2003-01-01,1,0.1874
2003-01-02,1,0.5653
2003-01-03,0,0
2003-01-04,1,0.2064
2003-01-05,0,0
2003-01-06,0,0
2003-01-07,0,0
2003-01-08,1,0.5888
2003-01-09,1,0.4275
2003-01-10,1,0.0338
2003-01-11,0,0
2003-01-12,1,0.0777
2003-01-13,1,0.0361
2003-01-14,0,0
2003-01-15,1,0.5696
2003-01-16,0,0
2003-01-17,1,0.3596
2003-01-18,0,0
2003-01-19,0,0
2003-01-20,0,0
2003-01-21,0,0
2003-01-22,0,0
2003-01-23,1,0.5784
2003-01-24,1,0.0446
2003-01-25,1,0.4378
2003-01-26,0,0
2003-01-27,0,0
2003-01-28,0,0
2003-01-29,0,0
2003-01-30,0,0
2003-01-31,1,0.1046
2003-02-01,0,0
2003-02-02,0,0
2003-02-03,0,0
2003-02-04,1,0.0732
2003-02-05,0,0
2003-02-06,0,0
2003-02-07,0,0
2003-02-08,0,0
2003-02-09,0,0
2003-02-10,0,0
2003-02-11,1,0.0825
2003-02-12,1,0.1242
2003-02-13,0,0
2003-02-14,0,0
2003-02-15,0,0
2003-02-16,1,0.1644
2003-02-17,0,0
2003-02-18,0,0
2003-02-19,1,0.0323
2003-02-20,0,0
2003-02-21,0,0
2003-02-22,1,0.3623
2003-02-23,0,0
2003-02-24,0,0
2003-02-25,0,0
2003-02-26,1,0.1026
2003-02-27,0,0
2003-02-28,1,0.0913
2003-03-01,0,0
2003-03-02,0,0
2003-03-03,0,0
2003-03-04,1,0.4143
2003-03-05,0,0
2003-03-06,1,0.1977
2003-03-07,0,0
2003-03-08,1,0.187
2003-03-09,0,0
2003-03-10,0,0
2003-03-11,0,0
2003-03-12,0,0
2003-03-13,0,0
2003-03-14,0,0
2003-03-15,1,0.0338
2003-03-16,1,0.0485
2003-03-17,1,0.033
2003-03-18,0,0
2003-03-19,0,0
2003-03-20,1,0.1889
2003-03-21,0,0
2003-03-22,0,0
2003-03-23,1,0.106
2003-03-24,0,0
2003-03-25,0,0
2003-03-26,0,0
2003-03-27,0,0
2003-03-28,0,0
2003-03-29,0,0
2003-03-30,0,0
2003-03-31,0,0
2003-04-01,0,0
2003-04-02,0,0
2003-04-03,0,0
2003-04-04,0,0
2003-04-05,0,0
2003-04-06,0,0
2003-04-07,0,0
2003-04-08,1,0.376
2003-04-09,0,0
2003-04-10,1,0.1266
2003-04-11,1,0.0798
2003-04-12,0,0
2003-04-13,1,0.1144
2003-04-14,0,0
2003-04-15,1,0.592
2003-04-16,0,0
2003-04-17,0,0
2003-04-18,0,0
2003-04-19,0,0
2003-04-20,0,0
2003-04-21,1,0.0438
2003-04-22,0,0
2003-04-23,0,0
2003-04-24,0,0
2003-04-25,0,0
2003-04-26,1,0.0663
2003-04-27,1,0.5517
2003-04-28,0,0
2003-04-29,0,0
2003-04-30,0,0
2003-05-01,0,0
2003-05-02,0,0
2003-05-03,1,0.4498
2003-05-04,0,0
2003-05-05,1,0.1526
2003-05-06,0,0
2003-05-07,1,0.58
2003-05-08,1,0.0537
2003-05-09,0,0
2003-05-10,0,0
2003-05-11,1,0.0529
2003-05-12,0,0
2003-05-13,1,0.1859
2003-05-14,1,0.571
2003-05-15,1,0.1376
2003-05-16,0,0
2003-05-17,0,0
2003-05-18,0,0
2003-05-19,1,0.591
2003-05-20,1,0.4271
2003-05-21,0,0
2003-05-22,0,0
2003-05-23,0,0
2003-05-24,1,0.0305
2003-05-25,1,0.0356
2003-05-26,0,0
2003-05-27,1,0.5781
2003-05-28,0,0
2003-05-29,0,0
2003-05-30,0,0
2003-05-31,0,0
2003-06-01,0,0
2003-06-02,1,0.3397
2003-06-03,1,0.0747
2003-06-04,0,0
2003-06-05,0,0
2003-06-06,1,0.035
2003-06-07,1,0.2123
2003-06-08,0,0
2003-06-09,0,0
2003-06-10,1,0.561
2003-06-11,1,0.0605
2003-06-12,0,0
2003-06-13,1,0.0348
2003-06-14,1,0.1357
2003-06-15,0,0
2003-06-16,0,0
2003-06-17,1,0.1201
2003-06-18,0,0
2003-06-19,0,0
2003-06-20,0,0
2003-06-21,1,0.0368
2003-06-22,0,0
2003-06-23,0,0
2003-06-24,0,0
2003-06-25,1,0.1328
2003-06-26,0,0
2003-06-27,0,0
2003-06-28,1,0.5756
2003-06-29,0,0
2003-06-30,0,0
2003-07-01,1,0.0534
2003-07-02,0,0
2003-07-03,0,0
2003-07-04,0,0
2003-07-05,1,0.3206
2003-07-06,1,0.0355
2003-07-07,1,0.0784
2003-07-08,0,0
2003-07-09,1,0.1814
2003-07-10,0,0
2003-07-11,0,0
2003-07-12,1,0.0558
2003-07-13,0,0
2003-07-14,0,0
2003-07-15,0,0
2003-07-16,0,0
2003-07-17,0,0
2003-07-18,0,0
2003-07-19,0,0
2003-07-20,0,0
2003-07-21,1,0.4338
2003-07-22,0,0
2003-07-23,0,0
2003-07-24,1,0.4067
2003-07-25,0,0
2003-07-26,0,0
2003-07-27,0,0
2003-07-28,0,0
2003-07-29,0,0
2003-07-30,1,0.3662
2003-07-31,1,0.0763
2003-08-01,0,0
2003-08-02,1,0.0344
2003-08-03,0,0
2003-08-04,0,0
2003-08-05,0,0
2003-08-06,0,0
2003-08-07,0,0
2003-08-08,0,0
2003-08-09,0,0
2003-08-10,1,0.172
2003-08-11,0,0
2003-08-12,1,0.5899
2003-08-13,1,0.4099
2003-08-14,0,0
2003-08-15,0,0
2003-08-16,1,0.5923
2003-08-17,0,0
2003-08-18,0,0
2003-08-19,1,0.1771
2003-08-20,0,0
2003-08-21,0,0
2003-08-22,0,0
2003-08-23,1,0.0659
2003-08-24,0,0
2003-08-25,0,0
2003-08-26,1,0.406
2003-08-27,1,0.4219
2003-08-28,0,0
2003-08-29,1,0.5678
2003-08-30,1,0.1438
2003-08-31,1,0.5772
2003-09-01,1,0.0499
2003-09-02,0,0
2003-09-03,0,0
2003-09-04,0,0
2003-09-05,1,0.3801
2003-09-06,0,0
2003-09-07,0,0
2003-09-08,1,0.1149
2003-09-09,1,0.037
2003-09-10,0,0
2003-09-11,0,0
2003-09-12,1,0.5856
2003-09-13,0,0
2003-09-14,1,0.1172
2003-09-15,1,0.5867
2003-09-16,0,0
2003-09-17,0,0
2003-09-18,0,0
2003-09-19,1,0.065
2003-09-20,1,0.0508
2003-09-21,0,0
2003-09-22,1,0.0333
2003-09-23,0,0
2003-09-24,0,0
2003-09-25,1,0.1983
2003-09-26,0,0
2003-09-27,0,0
2003-09-28,1,0.0598
2003-09-29,0,0
2003-09-30,1,0.0495
2003-10-01,1,0.1577
2003-10-02,0,0
2003-10-03,0,0
2003-10-04,1,0.4276
2003-10-05,0,0
2003-10-06,0,0
2003-10-07,0,0
2003-10-08,0,0
2003-10-09,1,0.0319
2003-10-10,1,0.5684
2003-10-11,1,0.0339
2003-10-12,1,0.0774
2003-10-13,0,0
2003-10-14,1,0.5873
2003-10-15,0,0
2003-10-16,1,0.4245
2003-10-17,0,0
2003-10-18,0,0
2003-10-19,0,0
2003-10-20,0,0
2003-10-21,0,0
2003-10-22,0,0
2003-10-23,1,0.5724
2003-10-24,0,0
2003-10-25,1,0.1155
2003-10-26,0,0
2003-10-27,1,0.0863
2003-10-28,1,0.0642
2003-10-29,0,0
2003-10-30,0,0
2003-10-31,0,0
2003-11-01,0,0
2003-11-02,0,0
2003-11-03,0,0
2003-11-04,0,0
2003-11-05,0,0
2003-11-06,0,0
2003-11-07,0,0
2003-11-08,1,0.1576
2003-11-09,1,0.0699
2003-11-10,1,0.5837
2003-11-11,1,0.5973
2003-11-12,1,0.0676
2003-11-13,1,0.1353
2003-11-14,0,0
2003-11-15,0,0
2003-11-16,0,0
2003-11-17,1,0.5662
2003-11-18,0,0
2003-11-19,1,0.0436
2003-11-20,1,0.3855
2003-11-21,0,0
2003-11-22,0,0
2003-11-23,1,0.0703
2003-11-24,1,0.3281
2003-11-25,0,0
2003-11-26,0,0
2003-11-27,0,0
2003-11-28,0,0
2003-11-29,0,0
2003-11-30,0,0
2003-12-01,1,0.0855
2003-12-02,1,0.0336
2003-12-03,1,0.0941
2003-12-04,1,0.0556
2003-12-05,0,0
2003-12-06,1,0.0772
2003-12-07,1,0.0739
2003-12-08,0,0
2003-12-09,0,0
2003-12-10,0,0
2003-12-11,0,0
2003-12-12,0,0
2003-12-13,0,0
2003-12-14,0,0
2003-12-15,0,0
2003-12-16,0,0
2003-12-17,0,0
2003-12-18,0,0
2003-12-19,0,0
2003-12-20,0,0
2003-12-21,1,0.0305
2003-12-22,0,0
2003-12-23,0,0
2003-12-24,0,0
2003-12-25,1,0.0538
2003-12-26,0,0
2003-12-27,0,0
2003-12-28,1,0.1793
2003-12-29,0,0
2003-12-30,0,0
2003-12-31,1,0.3341
2004-01-01,0,0
2004-01-02,1,0.3371
2004-01-03,0,0
2004-01-04,1,0.4242
2004-01-05,0,0
2004-01-06,1,0.0955
2004-01-07,0,0
2004-01-08,1,0.3625
2004-01-09,0,0
2004-01-10,0,0
2004-01-11,1,0.0767
2004-01-12,0,0
2004-01-13,1,0.0325
2004-01-14,0,0
2004-01-15,1,0.5663
2004-01-16,0,0
2004-01-17,1,0.0978
2004-01-18,0,0
2004-01-19,0,0
2004-01-20,0,0
2004-01-21,0,0
2004-01-22,1,0.0444
2004-01-23,0,0
2004-01-24,1,0.0565
2004-01-25,1,0.1399
2004-01-26,1,0.0394
2004-01-27,0,0
2004-01-28,1,0.3969
2004-01-29,1,0.4389
2004-01-30,0,0
2004-01-31,0,0
2004-02-01,0,0
2004-02-02,0,0
2004-02-03,0,0
2004-02-04,0,0
2004-02-05,0,0
2004-02-06,1,0.1316
2004-02-07,0,0
2004-02-08,1,0.0398
2004-02-09,0,0
2004-02-10,0,0
2004-02-11,0,0
2004-02-12,1,0.0586
2004-02-13,1,0.2131
2004-02-14,1,0.0311
2004-02-15,0,0
2004-02-16,0,0
2004-02-17,0,0
2004-02-18,0,0
2004-02-19,0,0
2004-02-20,0,0
2004-02-21,0,0
2004-02-22,0,0
2004-02-23,0,0
2004-02-24,1,0.0513
2004-02-25,1,0.0602
2004-02-26,0,0
2004-02-27,1,0.5511
2004-02-28,1,0.1218
2004-02-29,0,0
2004-03-01,0,0
2004-03-02,0,0
2004-03-03,1,0.059
2004-03-04,1,0.4443
2004-03-05,0,0
2004-03-06,1,0.1249
2004-03-07,1,0.0681
2004-03-08,0,0
2004-03-09,1,0.1393
2004-03-10,0,0
2004-03-11,1,0.1569
2004-03-12,1,0.062
2004-03-13,0,0
2004-03-14,0,0
2004-03-15,0,0
2004-03-16,0,0
2004-03-17,0,0
2004-03-18,0,0
2004-03-19,1,0.3946
2004-03-20,0,0
2004-03-21,0,0
2004-03-22,0,0
2004-03-23,0,0
2004-03-24,0,0
2004-03-25,0,0
2004-03-26,0,0
2004-03-27,1,0.0747
2004-03-28,0,0
2004-03-29,0,0
2004-03-30,1,0.0422
2004-03-31,0,0
2004-04-01,1,0.0371
2004-04-02,0,0
2004-04-03,0,0
2004-04-04,0,0
2004-04-05,1,0.4052
2004-04-06,0,0
2004-04-07,1,0.1147
2004-04-08,1,0.3455
2004-04-09,0,0
2004-04-10,1,0.0354
2004-04-11,0,0
2004-04-12,0,0
2004-04-13,0,0
2004-04-14,1,0.0379
2004-04-15,0,0
2004-04-16,1,0.037
2004-04-17,0,0
2004-04-18,1,0.5629
2004-04-19,1,0.0357
2004-04-20,0,0
2004-04-21,0,0
2004-04-22,0,0
2004-04-23,0,0
2004-04-24,0,0
2004-04-25,0,0
2004-04-26,0,0
2004-04-27,0,0
2004-04-28,0,0
2004-04-29,1,0.0382
2004-04-30,1,0.0331
2004-05-01,0,0
2004-05-02,0,0
2004-05-03,1,0.1568
2004-05-04,0,0
2004-05-05,0,0
2004-05-06,0,0
2004-05-07,0,0
2004-05-08,0,0
2004-05-09,1,0.0348
2004-05-10,1,0.3532
2004-05-11,1,0.2159
2004-05-12,1,0.07
2004-05-13,0,0
2004-05-14,1,0.0391
2004-05-15,1,0.0964
2004-05-16,0,0
2004-05-17,0,0
2004-05-18,1,0.051
2004-05-19,0,0
2004-05-20,1,0.0312
2004-05-21,0,0
2004-05-22,0,0
2004-05-23,0,0
2004-05-24,1,0.0462
2004-05-25,1,0.3526
2004-05-26,0,0
2004-05-27,1,0.5687
2004-05-28,1,0.1144
2004-05-29,0,0
2004-05-30,0,0
2004-05-31,0,0
2004-06-01,0,0
2004-06-02,1,0.1842
2004-06-03,0,0
2004-06-04,1,0.0454
2004-06-05,1,0.1768
2004-06-06,1,0.0382
2004-06-07,0,0
2004-06-08,1,0.1016
2004-06-09,0,0
2004-06-10,0,0
2004-06-11,1,0.1793
2004-06-12,0,0
2004-06-13,1,0.5932
2004-06-14,0,0
2004-06-15,0,0
2004-06-16,0,0
2004-06-17,1,0.5907
2004-06-18,0,0
2004-06-19,0,0
2004-06-20,0,0
2004-06-21,0,0
2004-06-22,1,0.1219
2004-06-23,1,0.3372
2004-06-24,0,0
2004-06-25,0,0
2004-06-26,0,0
2004-06-27,0,0
2004-06-28,0,0
2004-06-29,1,0.0538
2004-06-30,0,0
2004-07-01,0,0
2004-07-02,0,0
2004-07-03,1,0.0786
2004-07-04,1,0.0345
2004-07-05,1,0.0388
2004-07-06,0,0
2004-07-07,1,0.0954
2004-07-08,1,0.0466
2004-07-09,0,0
2004-07-10,1,0.5673
2004-07-11,0,0
2004-07-12,1,0.5969
2004-07-13,1,0.1889
2004-07-14,1,0.0343
2004-07-15,1,0.2042
2004-07-16,0,0
2004-07-17,0,0
2004-07-18,0,0
2004-07-19,0,0
2004-07-20,0,0
2004-07-21,1,0.0626
2004-07-22,0,0
2004-07-23,0,0
2004-07-24,1,0.043
2004-07-25,0,0
2004-07-26,0,0
2004-07-27,1,0.0876
2004-07-28,1,0.5645
2004-07-29,1,0.0749
2004-07-30,0,0
2004-07-31,0,0
2004-08-01,0,0
2004-08-02,0,0
2004-08-03,1,0.1008
2004-08-04,0,0
2004-08-05,0,0
2004-08-06,1,0.1738
2004-08-07,1,0.093
2004-08-08,0,0
2004-08-09,0,0
2004-08-10,0,0
2004-08-11,0,0
2004-08-12,0,0
2004-08-13,0,0
2004-08-14,0,0
2004-08-15,1,0.0639
2004-08-16,1,0.1636
2004-08-17,1,0.0598
2004-08-18,1,0.0918
2004-08-19,1,0.0491
2004-08-20,0,0
2004-08-21,0,0
2004-08-22,0,0
2004-08-23,1,0.0376
2004-08-24,0,0
2004-08-25,0,0
2004-08-26,1,0.0811
2004-08-27,0,0
2004-08-28,0,0
2004-08-29,0,0
2004-08-30,0,0
2004-08-31,0,0
2004-09-01,0,0
2004-09-02,0,0
2004-09-03,0,0
2004-09-04,1,0.1484
2004-09-05,0,0
2004-09-06,1,0.5866
2004-09-07,0,0
2004-09-08,0,0
2004-09-09,1,0.4
2004-09-10,0,0
2004-09-11,0,0
2004-09-12,0,0
2004-09-13,0,0
2004-09-14,0,0
2004-09-15,0,0
2004-09-16,1,0.0508
2004-09-17,0,0
2004-09-18,0,0
2004-09-19,0,0
2004-09-20,0,0
2004-09-21,0,0
2004-09-22,0,0
2004-09-23,0,0
2004-09-24,0,0
2004-09-25,0,0
2004-09-26,0,0
2004-09-27,0,0
2004-09-28,0,0
2004-09-29,1,0.1919
2004-09-30,0,0
2004-10-01,0,0
2004-10-02,0,0
2004-10-03,0,0
2004-10-04,1,0.0791
2004-10-05,0,0
2004-10-06,0,0
2004-10-07,0,0
2004-10-08,0,0
2004-10-09,0,0
2004-10-10,0,0
2004-10-11,1,0.0908
2004-10-12,0,0
2004-10-13,1,0.039
2004-10-14,0,0
2004-10-15,1,0.0882
2004-10-16,1,0.5646
2004-10-17,0,0
2004-10-18,1,0.1093
2004-10-19,0,0
2004-10-20,0,0
2004-10-21,0,0
2004-10-22,0,0
2004-10-23,0,0
2004-10-24,0,0
2004-10-25,0,0
2004-10-26,1,0.5753
2004-10-27,0,0
2004-10-28,1,0.0971
2004-10-29,0,0
2004-10-30,0,0
2004-10-31,0,0
2004-11-01,0,0
2004-11-02,1,0.0399
2004-11-03,0,0
2004-11-04,0,0
2004-11-05,0,0
2004-11-06,0,0
2004-11-07,0,0
2004-11-08,0,0
2004-11-09,1,0.0667
2004-11-10,0,0
2004-11-11,0,0
2004-11-12,0,0
2004-11-13,0,0
2004-11-14,1,0.4154
2004-11-15,1,0.0312
2004-11-16,1,0.5623
2004-11-17,0,0
2004-11-18,0,0
2004-11-19,1,0.0324
2004-11-20,1,0.0828
2004-11-21,0,0
2004-11-22,1,0.5617
2004-11-23,1,0.0665
2004-11-24,1,0.0327
2004-11-25,1,0.3334
2004-11-26,0,0
2004-11-27,1,0.0846
2004-11-28,0,0
2004-11-29,0,0
2004-11-30,0,0
2004-12-01,1,0.195
2004-12-02,0,0
2004-12-03,0,0
2004-12-04,0,0
2004-12-05,1,0.1768
2004-12-06,0,0
2004-12-07,1,0.3934
2004-12-08,1,0.0383
2004-12-09,0,0
2004-12-10,0,0
2004-12-11,0,0
2004-12-12,1,0.0408
2004-12-13,0,0
2004-12-14,0,0
2004-12-15,1,0.1322
2004-12-16,0,0
2004-12-17,1,0.0319
2004-12-18,1,0.5644
2004-12-19,0,0
2004-12-20,0,0
2004-12-21,0,0
2004-12-22,0,0
2004-12-23,0,0
2004-12-24,0,0
2004-12-25,0,0
2004-12-26,0,0
2004-12-27,1,0.2112
2004-12-28,1,0.5924
2004-12-29,1,0.5939
2004-12-30,0,0
2004-12-31,0,0
2005-01-01,0,0
2005-01-02,1,0.1265
2005-01-03,0,0
2005-01-04,0,0
2005-01-05,0,0
2005-01-06,1,0.0357
2005-01-07,0,0
2005-01-08,1,0.0542
2005-01-09,1,0.0866
2005-01-10,0,0
2005-01-11,0,0
2005-01-12,0,0
2005-01-13,0,0
2005-01-14,0,0
2005-01-15,0,0
2005-01-16,1,0.1575
2005-01-17,0,0
2005-01-18,0,0
2005-01-19,0,0
2005-01-20,0,0
2005-01-21,0,0
2005-01-22,0,0
2005-01-23,1,0.0334
2005-01-24,1,0.0388
2005-01-25,0,0
2005-01-26,1,0.1662
2005-01-27,0,0
2005-01-28,1,0.0728
2005-01-29,0,0
2005-01-30,0,0
2005-01-31,1,0.3375
2005-02-01,1,0.0326
2005-02-02,0,0
2005-02-03,1,0.5867
2005-02-04,1,0.1916
2005-02-05,1,0.0379
2005-02-06,1,0.4313
2005-02-07,0,0
2005-02-08,1,0.0934
2005-02-09,0,0
2005-02-10,0,0
2005-02-11,1,0.0301
2005-02-12,0,0
2005-02-13,0,0
2005-02-14,0,0
2005-02-15,1,0.0552
2005-02-16,0,0
2005-02-17,0,0
2005-02-18,1,0.0626
2005-02-19,1,0.3613
2005-02-20,0,0
2005-02-21,0,0
2005-02-22,0,0
2005-02-23,0,0
2005-02-24,1,0.5999
2005-02-25,0,0
2005-02-26,0,0
2005-02-27,1,0.4243
2005-02-28,1,0.0397
2005-03-01,0,0
2005-03-02,0,0
2005-03-03,1,0.4377
2005-03-04,0,0
2005-03-05,1,0.3799
2005-03-06,1,0.4244
2005-03-07,0,0
2005-03-08,0,0
2005-03-09,1,0.0519
2005-03-10,0,0
2005-03-11,1,0.0332
2005-03-12,0,0
2005-03-13,1,0.1133
2005-03-14,0,0
2005-03-15,1,0.126
2005-03-16,1,0.1465
2005-03-17,1,0.5869
2005-03-18,0,0
2005-03-19,0,0
2005-03-20,0,0
2005-03-21,1,0.4387
2005-03-22,0,0
2005-03-23,0,0
2005-03-24,0,0
2005-03-25,0,0
2005-03-26,0,0
2005-03-27,1,0.1965
2005-03-28,0,0
2005-03-29,0,0
2005-03-30,0,0
2005-03-31,1,0.3249
2005-04-01,1,0.134
2005-04-02,0,0
2005-04-03,0,0
2005-04-04,0,0
2005-04-05,0,0
2005-04-06,1,0.3633
2005-04-07,0,0
2005-04-08,0,0
2005-04-09,0,0
2005-04-10,0,0
2005-04-11,0,0
2005-04-12,0,0
2005-04-13,0,0
2005-04-14,0,0
2005-04-15,0,0
2005-04-16,1,0.0726
2005-04-17,1,0.2069
2005-04-18,0,0
2005-04-19,0,0
2005-04-20,0,0
2005-04-21,0,0
2005-04-22,0,0
2005-04-23,1,0.153
2005-04-24,0,0
2005-04-25,1,0.0344
2005-04-26,0,0
2005-04-27,0,0
2005-04-28,1,0.1593
2005-04-29,0,0
2005-04-30,0,0
2005-05-01,0,0
2005-05-02,0,0
2005-05-03,1,0.036
2005-05-04,0,0
2005-05-05,0,0
2005-05-06,0,0
2005-05-07,1,0.4226
2005-05-08,0,0
2005-05-09,0,0
2005-05-10,0,0
2005-05-11,0,0
2005-05-12,1,0.0368
2005-05-13,0,0
2005-05-14,1,0.2041
2005-05-15,1,0.1817
2005-05-16,0,0
2005-05-17,0,0
2005-05-18,0,0
2005-05-19,1,0.5614
2005-05-20,1,0.5735
2005-05-21,1,0.5861
2005-05-22,1,0.1118
2005-05-23,1,0.0426
2005-05-24,0,0
2005-05-25,1,0.0541
2005-05-26,0,0
2005-05-27,0,0
2005-05-28,0,0
2005-05-29,0,0
2005-05-30,0,0
2005-05-31,0,0
2005-06-01,0,0
2005-06-02,1,0.1721
2005-06-03,0,0
2005-06-04,0,0
2005-06-05,0,0
2005-06-06,1,0.0327
2005-06-07,1,0.0953
2005-06-08,0,0
2005-06-09,1,0.0987
2005-06-10,1,0.5647
2005-06-11,1,0.1914
2005-06-12,0,0
2005-06-13,0,0
2005-06-14,0,0
2005-06-15,0,0
2005-06-16,1,0.3771
2005-06-17,0,0
2005-06-18,0,0
2005-06-19,1,0.3443
2005-06-20,0,0
2005-06-21,0,0
2005-06-22,0,0
2005-06-23,0,0
2005-06-24,1,0.0453
2005-06-25,0,0
2005-06-26,0,0
2005-06-27,1,0.5551
2005-06-28,0,0
2005-06-29,1,0.4198
2005-06-30,1,0.5545
2005-07-01,0,0
2005-07-02,0,0
2005-07-03,0,0
2005-07-04,0,0
2005-07-05,1,0.0685
2005-07-06,1,0.1163
2005-07-07,1,0.3466
2005-07-08,0,0
2005-07-09,0,0
2005-07-10,0,0
2005-07-11,1,0.1999
2005-07-12,1,0.0339
2005-07-13,0,0
2005-07-14,0,0
2005-07-15,0,0
2005-07-16,0,0
2005-07-17,0,0
2005-07-18,1,0.1681
2005-07-19,0,0
2005-07-20,0,0
2005-07-21,0,0
2005-07-22,0,0
2005-07-23,0,0
2005-07-24,1,0.1983
2005-07-25,0,0
2005-07-26,0,0
2005-07-27,0,0
2005-07-28,0,0
2005-07-29,0,0
2005-07-30,1,0.2021
2005-07-31,0,0
2005-08-01,1,0.5603
2005-08-02,0,0
2005-08-03,0,0
2005-08-04,0,0
2005-08-05,0,0
2005-08-06,0,0
2005-08-07,0,0
2005-08-08,0,0
2005-08-09,0,0
2005-08-10,1,0.1041
2005-08-11,0,0
2005-08-12,0,0
2005-08-13,1,0.0304
2005-08-14,0,0
2005-08-15,0,0
2005-08-16,0,0
2005-08-17,0,0
2005-08-18,0,0
2005-08-19,1,0.0796
2005-08-20,0,0
2005-08-21,1,0.0392
2005-08-22,1,0.5587
2005-08-23,1,0.5968
2005-08-24,0,0
2005-08-25,0,0
2005-08-26,1,0.0337
2005-08-27,0,0
2005-08-28,0,0
2005-08-29,1,0.1539
2005-08-30,0,0
2005-08-31,0,0
2005-09-01,0,0
2005-09-02,1,0.0344
2005-09-03,1,0.0353
2005-09-04,0,0
2005-09-05,1,0.0321
2005-09-06,0,0
2005-09-07,0,0
2005-09-08,0,0
2005-09-09,0,0
2005-09-10,0,0
2005-09-11,0,0
2005-09-12,0,0
2005-09-13,1,0.5752
2005-09-14,0,0
2005-09-15,0,0
2005-09-16,0,0
2005-09-17,0,0
2005-09-18,0,0
2005-09-19,0,0
2005-09-20,1,0.5647
2005-09-21,1,0.0401
2005-09-22,1,0.4357
2005-09-23,0,0
2005-09-24,0,0
2005-09-25,1,0.4124
2005-09-26,1,0.0351
2005-09-27,1,0.4276
2005-09-28,0,0
2005-09-29,0,0
2005-09-30,1,0.0763
2005-10-01,1,0.1381
2005-10-02,0,0
2005-10-03,0,0
2005-10-04,0,0
2005-10-05,1,0.1379
2005-10-06,0,0
2005-10-07,0,0
2005-10-08,0,0
2005-10-09,0,0
2005-10-10,0,0
2005-10-11,0,0
2005-10-12,0,0
2005-10-13,0,0
2005-10-14,0,0
2005-10-15,0,0
2005-10-16,0,0
2005-10-17,1,0.4472
2005-10-18,0,0
2005-10-19,0,0
2005-10-20,0,0
2005-10-21,1,0.0395
2005-10-22,0,0
2005-10-23,1,0.1439
2005-10-24,0,0
2005-10-25,0,0
2005-10-26,0,0
2005-10-27,0,0
2005-10-28,0,0
2005-10-29,0,0
2005-10-30,0,0
2005-10-31,0,0
2005-11-01,1,0.2008
2005-11-02,0,0
2005-11-03,1,0.1284
2005-11-04,1,0.4151
2005-11-05,0,0
2005-11-06,0,0
2005-11-07,1,0.035
2005-11-08,0,0
2005-11-09,0,0
2005-11-10,1,0.1871
2005-11-11,0,0
2005-11-12,1,0.1019
2005-11-13,1,0.1233
2005-11-14,0,0
2005-11-15,1,0.0409
2005-11-16,0,0
2005-11-17,1,0.0339
2005-11-18,0,0
2005-11-19,0,0
2005-11-20,1,0.5575
2005-11-21,0,0
2005-11-22,1,0.5542
2005-11-23,0,0
2005-11-24,0,0
2005-11-25,0,0
2005-11-26,1,0.1059
2005-11-27,1,0.3648
2005-11-28,1,0.034
2005-11-29,0,0
2005-11-30,0,0
2005-12-01,0,0
2005-12-02,1,0.5958
2005-12-03,0,0
2005-12-04,1,0.0329
2005-12-05,0,0
2005-12-06,0,0
2005-12-07,1,0.036
2005-12-08,1,0.5846
2005-12-09,0,0
2005-12-10,1,0.0509
2005-12-11,0,0
2005-12-12,1,0.4453
2005-12-13,0,0
2005-12-14,0,0
2005-12-15,0,0
2005-12-16,1,0.0384
2005-12-17,1,0.2109
2005-12-18,0,0
2005-12-19,1,0.4215
2005-12-20,1,0.0367
2005-12-21,1,0.0349
2005-12-22,0,0
2005-12-23,1,0.5987
2005-12-24,1,0.5531
2005-12-25,0,0
2005-12-26,0,0
2005-12-27,0,0
2005-12-28,1,0.1623
2005-12-29,0,0
2005-12-30,0,0
2005-12-31,0,0
2006-01-01,1,0.4273
2006-01-02,1,0.3442
2006-01-03,0,0
2006-01-04,1,0.0428
2006-01-05,0,0
2006-01-06,0,0
2006-01-07,0,0
2006-01-08,0,0
2006-01-09,0,0
2006-01-10,1,0.1589
2006-01-11,0,0
2006-01-12,0,0
2006-01-13,0,0
2006-01-14,0,0
2006-01-15,1,0.0546
2006-01-16,1,0.163
2006-01-17,0,0
2006-01-18,0,0
2006-01-19,0,0
2006-01-20,0,0
2006-01-21,0,0
2006-01-22,1,0.1315
2006-01-23,1,0.5687
2006-01-24,1,0.039
2006-01-25,0,0
2006-01-26,0,0
2006-01-27,1,0.0357
2006-01-28,1,0.3726
2006-01-29,0,0
2006-01-30,0,0
2006-01-31,1,0.0348
2006-02-01,0,0
2006-02-02,0,0
2006-02-03,0,0
2006-02-04,1,0.5675
2006-02-05,0,0
2006-02-06,0,0
2006-02-07,1,0.0615
2006-02-08,1,0.179
2006-02-09,0,0
2006-02-10,0,0
2006-02-11,0,0
2006-02-12,0,0
2006-02-13,0,0
2006-02-14,1,0.5561
2006-02-15,0,0
2006-02-16,1,0.3913
2006-02-17,1,0.0348
2006-02-18,0,0
2006-02-19,0,0
2006-02-20,1,0.1666
2006-02-21,0,0
2006-02-22,0,0
2006-02-23,0,0
2006-02-24,1,0.0385
2006-02-25,0,0
2006-02-26,0,0
2006-02-27,0,0
2006-02-28,0,0
2006-03-01,1,0.3608
2006-03-02,0,0
2006-03-03,0,0
2006-03-04,0,0
2006-03-05,1,0.5601
2006-03-06,0,0
2006-03-07,0,0
2006-03-08,0,0
2006-03-09,0,0
2006-03-10,0,0
2006-03-11,0,0
2006-03-12,0,0
2006-03-13,1,0.0703
2006-03-14,0,0
2006-03-15,0,0
2006-03-16,0,0
2006-03-17,0,0
2006-03-18,1,0.5579
2006-03-19,1,0.0468
2006-03-20,1,0.0613
2006-03-21,1,0.5861
2006-03-22,0,0
2006-03-23,0,0
2006-03-24,0,0
2006-03-25,0,0
2006-03-26,1,0.4143
2006-03-27,1,0.1104
2006-03-28,0,0
2006-03-29,0,0
2006-03-30,0,0
2006-03-31,0,0
2006-04-01,1,0.1636
2006-04-02,0,0
2006-04-03,1,0.0527
2006-04-04,0,0
2006-04-05,1,0.0309
2006-04-06,1,0.0601
2006-04-07,0,0
2006-04-08,0,0
2006-04-09,0,0
2006-04-10,1,0.1307
2006-04-11,0,0
2006-04-12,0,0
2006-04-13,0,0
2006-04-14,1,0.1656
2006-04-15,0,0
2006-04-16,1,0.5643
2006-04-17,1,0.0382
2006-04-18,0,0
2006-04-19,0,0
2006-04-20,0,0
2006-04-21,1,0.0957
2006-04-22,1,0.0892
2006-04-23,0,0
2006-04-24,0,0
2006-04-25,0,0
2006-04-26,0,0
2006-04-27,0,0
2006-04-28,0,0
2006-04-29,1,0.096
2006-04-30,0,0
2006-05-01,0,0
2006-05-02,0,0
2006-05-03,0,0
2006-05-04,1,0.5717
2006-05-05,1,0.4133
2006-05-06,0,0
2006-05-07,0,0
2006-05-08,0,0
2006-05-09,0,0
2006-05-10,0,0
2006-05-11,0,0
2006-05-12,0,0
2006-05-13,0,0
2006-05-14,0,0
2006-05-15,0,0
2006-05-16,0,0
2006-05-17,0,0
2006-05-18,0,0
2006-05-19,0,0
2006-05-20,1,0.4378
2006-05-21,1,0.0455
2006-05-22,0,0
2006-05-23,0,0
2006-05-24,1,0.0377
2006-05-25,0,0
2006-05-26,0,0
2006-05-27,0,0
2006-05-28,1,0.3825
2006-05-29,0,0
2006-05-30,1,0.1393
2006-05-31,0,0
2006-06-01,0,0
2006-06-02,0,0
2006-06-03,0,0
2006-06-04,1,0.0649
2006-06-05,1,0.555
2006-06-06,1,0.1347
2006-06-07,1,0.5809
2006-06-08,1,0.3215
2006-06-09,1,0.1624
2006-06-10,0,0
2006-06-11,0,0
2006-06-12,1,0.0871
2006-06-13,0,0
2006-06-14,0,0
2006-06-15,0,0
2006-06-16,0,0
2006-06-17,0,0
2006-06-18,0,0
2006-06-19,0,0
2006-06-20,0,0
2006-06-21,0,0
2006-06-22,0,0
2006-06-23,1,0.4007
2006-06-24,0,0
2006-06-25,0,0
2006-06-26,0,0
2006-06-27,0,0
2006-06-28,0,0
2006-06-29,0,0
2006-06-30,0,0
2006-07-01,0,0
2006-07-02,1,0.3973
2006-07-03,0,0
2006-07-04,0,0
2006-07-05,0,0
2006-07-06,0,0
2006-07-07,1,0.0534
2006-07-08,1,0.1542
2006-07-09,0,0
2006-07-10,0,0
2006-07-11,1,0.4361
2006-07-12,1,0.1145
2006-07-13,0,0
2006-07-14,0,0
2006-07-15,1,0.0532
2006-07-16,1,0.0379
2006-07-17,0,0
2006-07-18,0,0
2006-07-19,1,0.0354
2006-07-20,0,0
2006-07-21,0,0
2006-07-22,1,0.4157
2006-07-23,0,0
2006-07-24,1,0.0313
2006-07-25,0,0
2006-07-26,0,0
2006-07-27,1,0.0386
2006-07-28,1,0.4025
2006-07-29,1,0.0379
2006-07-30,0,0
2006-07-31,1,0.5718
2006-08-01,0,0
2006-08-02,0,0
2006-08-03,0,0
2006-08-04,0,0
2006-08-05,1,0.1489
2006-08-06,0,0
2006-08-07,0,0
2006-08-08,1,0.0329
2006-08-09,0,0
2006-08-10,1,0.0355
2006-08-11,1,0.5569
2006-08-12,1,0.0551
2006-08-13,0,0
2006-08-14,0,0
2006-08-15,0,0
2006-08-16,0,0
2006-08-17,1,0.5985
2006-08-18,1,0.1495
2006-08-19,0,0
2006-08-20,0,0
2006-08-21,0,0
2006-08-22,0,0
2006-08-23,1,0.599
2006-08-24,0,0
2006-08-25,0,0
2006-08-26,1,0.0314
2006-08-27,1,0.1178
2006-08-28,0,0
2006-08-29,1,0.0554
2006-08-30,0,0
2006-08-31,0,0
2006-09-01,0,0
2006-09-02,1,0.4204
2006-09-03,1,0.0847
2006-09-04,0,0
2006-09-05,1,0.0399
2006-09-06,1,0.0426
2006-09-07,0,0
2006-09-08,0,0
2006-09-09,0,0
2006-09-10,0,0
2006-09-11,0,0
2006-09-12,0,0
2006-09-13,0,0
2006-09-14,1,0.1902
2006-09-15,0,0
2006-09-16,0,0
2006-09-17,1,0.4343
2006-09-18,0,0
2006-09-19,0,0
2006-09-20,0,0
2006-09-21,1,0.591
2006-09-22,0,0
2006-09-23,0,0
2006-09-24,0,0
2006-09-25,0,0
2006-09-26,1,0.0345
2006-09-27,0,0
2006-09-28,0,0
2006-09-29,0,0
2006-09-30,0,0
2006-10-01,1,0.032
2006-10-02,0,0
2006-10-03,0,0
2006-10-04,1,0.0467
2006-10-05,1,0.1042
2006-10-06,1,0.1192
2006-10-07,1,0.552
2006-10-08,1,0.1532
2006-10-09,0,0
2006-10-10,0,0
2006-10-11,0,0
2006-10-12,1,0.1175
2006-10-13,1,0.1116
2006-10-14,1,0.0708
2006-10-15,0,0
2006-10-16,0,0
2006-10-17,0,0
2006-10-18,0,0
2006-10-19,0,0
2006-10-20,0,0
2006-10-21,0,0
2006-10-22,0,0
2006-10-23,0,0
2006-10-24,1,0.0378
2006-10-25,0,0
2006-10-26,0,0
2006-10-27,1,0.0364
2006-10-28,0,0
2006-10-29,0,0
2006-10-30,1,0.0751
2006-10-31,1,0.1342
2006-11-01,0,0
2006-11-02,0,0
2006-11-03,0,0
2006-11-04,0,0
2006-11-05,0,0
2006-11-06,0,0
2006-11-07,0,0
2006-11-08,0,0
2006-11-09,0,0
2006-11-10,0,0
2006-11-11,1,0.0394
2006-11-12,1,0.127
2006-11-13,1,0.5564
2006-11-14,0,0
2006-11-15,1,0.0351
2006-11-16,1,0.1191
2006-11-17,1,0.3617
2006-11-18,1,0.0721
2006-11-19,0,0
2006-11-20,0,0
2006-11-21,0,0
2006-11-22,0,0
2006-11-23,1,0.0369
2006-11-24,0,0
2006-11-25,1,0.3886
2006-11-26,0,0
2006-11-27,1,0.2
2006-11-28,0,0
2006-11-29,0,0
2006-11-30,0,0
2006-12-01,0,0
2006-12-02,1,0.0625
2006-12-03,0,0
2006-12-04,1,0.5886
2006-12-05,1,0.06
2006-12-06,0,0
2006-12-07,0,0
2006-12-08,0,0
2006-12-09,1,0.0346
2006-12-10,0,0
2006-12-11,0,0
2006-12-12,0,0
2006-12-13,0,0
2006-12-14,0,0
2006-12-15,1,0.1141
2006-12-16,1,0.1018
2006-12-17,0,0
2006-12-18,0,0
2006-12-19,0,0
2006-12-20,0,0
2006-12-21,1,0.0854
2006-12-22,1,0.0699
2006-12-23,0,0
2006-12-24,0,0
2006-12-25,0,0
2006-12-26,0,0
2006-12-27,1,0.5653
2006-12-28,1,0.1389
2006-12-29,0,0
2006-12-30,1,0.5746
2006-12-31,0,0
2007-01-01,1,0.3943
2007-01-02,1,0.1756
2007-01-03,1,0.0471
2007-01-04,0,0
2007-01-05,0,0
2007-01-06,0,0
2007-01-07,1,0.0361
2007-01-08,0,0
2007-01-09,0,0
2007-01-10,0,0
2007-01-11,0,0
2007-01-12,0,0
2007-01-13,0,0
2007-01-14,0,0
2007-01-15,0,0
2007-01-16,0,0
2007-01-17,0,0
2007-01-18,0,0
2007-01-19,0,0
2007-01-20,0,0
2007-01-21,0,0
2007-01-22,0,0
2007-01-23,1,0.2121
2007-01-24,0,0
2007-01-25,0,0
2007-01-26,0,0
2007-01-27,0,0
2007-01-28,0,0
2007-01-29,1,0.0302
2007-01-30,0,0
2007-01-31,0,0
2007-02-01,1,0.3508
2007-02-02,0,0
2007-02-03,0,0
2007-02-04,0,0
2007-02-05,0,0
2007-02-06,0,0
2007-02-07,1,0.0558
2007-02-08,0,0
2007-02-09,0,0
2007-02-10,0,0
2007-02-11,1,0.5589
2007-02-12,0,0
2007-02-13,0,0
2007-02-14,0,0
2007-02-15,0,0
2007-02-16,1,0.0352
2007-02-17,1,0.065
2007-02-18,0,0
2007-02-19,1,0.4467
2007-02-20,1,0.1758
2007-02-21,0,0
2007-02-22,1,0.0551
2007-02-23,0,0
2007-02-24,1,0.0536
2007-02-25,1,0.1998
2007-02-26,1,0.5947
2007-02-27,1,0.1034
2007-02-28,1,0.0389
2007-03-01,1,0.0956
2007-03-02,0,0
2007-03-03,1,0.2092
2007-03-04,1,0.0552
2007-03-05,0,0
2007-03-06,1,0.1261
2007-03-07,0,0
2007-03-08,1,0.5882
2007-03-09,0,0
2007-03-10,0,0
2007-03-11,0,0
2007-03-12,0,0
2007-03-13,1,0.397
2007-03-14,1,0.348
2007-03-15,0,0
2007-03-16,0,0
2007-03-17,0,0
2007-03-18,0,0
2007-03-19,1,0.1136
2007-03-20,0,0
2007-03-21,0,0
2007-03-22,0,0
2007-03-23,0,0
2007-03-24,1,0.0675
2007-03-25,1,0.0394
2007-03-26,0,0
2007-03-27,0,0
2007-03-28,0,0
2007-03-29,1,0.3756
2007-03-30,1,0.039
2007-03-31,0,0
2007-04-01,0,0
2007-04-02,0,0
2007-04-03,0,0
2007-04-04,1,0.0784
2007-04-05,0,0
2007-04-06,0,0
2007-04-07,0,0
2007-04-08,1,0.5601
2007-04-09,1,0.1784
2007-04-10,0,0
2007-04-11,1,0.0362
2007-04-12,1,0.0884
2007-04-13,0,0
2007-04-14,0,0
2007-04-15,1,0.4109
2007-04-16,1,0.1211
2007-04-17,1,0.3556
2007-04-18,0,0
2007-04-19,1,0.3755
2007-04-20,0,0
2007-04-21,1,0.1496
2007-04-22,1,0.0462
2007-04-23,0,0
2007-04-24,1,0.0774
2007-04-25,1,0.3904
2007-04-26,1,0.0388
2007-04-27,1,0.5701
2007-04-28,0,0
2007-04-29,0,0
2007-04-30,0,0
2007-05-01,0,0
2007-05-02,0,0
2007-05-03,0,0
2007-05-04,0,0
2007-05-05,1,0.5684
2007-05-06,0,0
2007-05-07,0,0
2007-05-08,1,0.1177
2007-05-09,0,0
2007-05-10,0,0
2007-05-11,0,0
2007-05-12,1,0.5695
2007-05-13,1,0.0351
2007-05-14,0,0
2007-05-15,1,0.5945
2007-05-16,1,0.2112
2007-05-17,0,0
2007-05-18,0,0
2007-05-19,0,0
2007-05-20,0,0
2007-05-21,0,0
2007-05-22,0,0
2007-05-23,0,0
2007-05-24,0,0
2007-05-25,0,0
2007-05-26,0,0
2007-05-27,0,0
2007-05-28,0,0
2007-05-29,0,0
2007-05-30,0,0
2007-05-31,0,0
2007-06-01,1,0.5537
2007-06-02,0,0
2007-06-03,0,0
2007-06-04,0,0
2007-06-05,0,0
2007-06-06,0,0
2007-06-07,0,0
2007-06-08,1,0.1143
2007-06-09,1,0.0699
2007-06-10,0,0
2007-06-11,0,0
2007-06-12,0,0
2007-06-13,0,0
2007-06-14,0,0
2007-06-15,0,0
2007-06-16,0,0
2007-06-17,1,0.3805
2007-06-18,1,0.1429
2007-06-19,0,0
2007-06-20,1,0.049
2007-06-21,0,0
2007-06-22,0,0
2007-06-23,0,0
2007-06-24,0,0
2007-06-25,1,0.0341
2007-06-26,1,0.1873
2007-06-27,0,0
2007-06-28,0,0
2007-06-29,0,0
2007-06-30,0,0
2007-07-01,0,0
2007-07-02,0,0
2007-07-03,0,0
2007-07-04,1,0.0374
2007-07-05,1,0.5596
2007-07-06,1,0.1619
2007-07-07,0,0
2007-07-08,0,0
2007-07-09,1,0.0596
2007-07-10,0,0
2007-07-11,0,0
2007-07-12,1,0.0463
2007-07-13,0,0
2007-07-14,1,0.4312
2007-07-15,0,0
2007-07-16,1,0.2006
2007-07-17,0,0
2007-07-18,0,0
2007-07-19,0,0
2007-07-20,0,0
2007-07-21,0,0
2007-07-22,0,0
2007-07-23,1,0.1077
2007-07-24,1,0.1883
2007-07-25,1,0.3807
2007-07-26,0,0
2007-07-27,0,0
2007-07-28,0,0
2007-07-29,1,0.4174
2007-07-30,0,0
2007-07-31,1,0.1521
2007-08-01,0,0
2007-08-02,1,0.0337
2007-08-03,0,0
2007-08-04,0,0
2007-08-05,0,0
2007-08-06,0,0
2007-08-07,0,0
2007-08-08,0,0
2007-08-09,0,0
2007-08-10,0,0
2007-08-11,0,0
2007-08-12,0,0
2007-08-13,1,0.0757
2007-08-14,0,0
2007-08-15,0,0
2007-08-16,1,0.053
2007-08-17,0,0
2007-08-18,0,0
2007-08-19,0,0
2007-08-20,0,0
2007-08-21,0,0
2007-08-22,1,0.1317
2007-08-23,1,0.0381
2007-08-24,0,0
2007-08-25,0,0
2007-08-26,0,0
2007-08-27,0,0
2007-08-28,0,0
2007-08-29,0,0
2007-08-30,0,0
2007-08-31,0,0
2007-09-01,1,0.0636
2007-09-02,1,0.103
2007-09-03,0,0
2007-09-04,0,0
2007-09-05,0,0
2007-09-06,0,0
2007-09-07,1,0.0641
2007-09-08,0,0
2007-09-09,0,0
2007-09-10,1,0.1092
2007-09-11,1,0.0354
2007-09-12,1,0.0396
2007-09-13,1,0.0928
2007-09-14,0,0
2007-09-15,0,0
2007-09-16,0,0
2007-09-17,1,0.5914
2007-09-18,1,0.1248
2007-09-19,0,0
2007-09-20,1,0.5947
2007-09-21,1,0.0602
2007-09-22,0,0
2007-09-23,0,0
2007-09-24,0,0
2007-09-25,1,0.119
2007-09-26,0,0
2007-09-27,1,0.1153
2007-09-28,0,0
2007-09-29,0,0
2007-09-30,0,0
2007-10-01,0,0
2007-10-02,0,0
2007-10-03,0,0
2007-10-04,1,0.0873
2007-10-05,0,0
2007-10-06,0,0
2007-10-07,0,0
2007-10-08,1,0.0393
2007-10-09,0,0
2007-10-10,1,0.1374
2007-10-11,1,0.1308
2007-10-12,0,0
2007-10-13,1,0.2152
2007-10-14,0,0
2007-10-15,0,0
2007-10-16,1,0.1039
2007-10-17,1,0.033
2007-10-18,1,0.5664
2007-10-19,1,0.1274
2007-10-20,1,0.0784
2007-10-21,1,0.5527
2007-10-22,1,0.0363
2007-10-23,0,0
2007-10-24,0,0
2007-10-25,1,0.406
2007-10-26,0,0
2007-10-27,0,0
2007-10-28,0,0
2007-10-29,0,0
2007-10-30,1,0.5579
2007-10-31,0,0
2007-11-01,0,0
2007-11-02,1,0.427
2007-11-03,0,0
2007-11-04,1,0.0434
2007-11-05,0,0
2007-11-06,1,0.0343
2007-11-07,0,0
2007-11-08,1,0.0385
2007-11-09,0,0
2007-11-10,1,0.406
2007-11-11,0,0
2007-11-12,0,0
2007-11-13,1,0.1333
2007-11-14,0,0
2007-11-15,1,0.1624
2007-11-16,0,0
2007-11-17,1,0.1193
2007-11-18,0,0
2007-11-19,1,0.0317
2007-11-20,0,0
2007-11-21,1,0.0889
2007-11-22,1,0.5854
2007-11-23,0,0
2007-11-24,0,0
2007-11-25,0,0
2007-11-26,1,0.3893
2007-11-27,0,0
2007-11-28,1,0.5522
2007-11-29,1,0.5561
2007-11-30,1,0.0342
2007-12-01,0,0
2007-12-02,1,0.1861
2007-12-03,0,0
2007-12-04,0,0
2007-12-05,1,0.1669
2007-12-06,1,0.0723
2007-12-07,0,0
2007-12-08,0,0
2007-12-09,0,0
2007-12-10,1,0.0367
2007-12-11,1,0.1155
2007-12-12,1,0.0561
2007-12-13,0,0
2007-12-14,0,0
2007-12-15,0,0
2007-12-16,1,0.3628
2007-12-17,1,0.0316
2007-12-18,0,0
2007-12-19,0,0
2007-12-20,1,0.0305
2007-12-21,1,0.5861
2007-12-22,0,0
2007-12-23,0,0
2007-12-24,1,0.0966
2007-12-25,0,0
2007-12-26,0,0
2007-12-27,1,0.4133
2007-12-28,0,0
2007-12-29,1,0.0644
2007-12-30,0,0
2007-12-31,0,0
2008-01-01,0,0
2008-01-02,1,0.3295
2008-01-03,0,0
2008-01-04,1,0.0317
2008-01-05,0,0
2008-01-06,1,0.1611
2008-01-07,0,0
2008-01-08,1,0.5573
2008-01-09,1,0.0392
2008-01-10,0,0
2008-01-11,0,0
2008-01-12,0,0
2008-01-13,1,0.1118
2008-01-14,1,0.3732
2008-01-15,0,0
2008-01-16,1,0.0868
2008-01-17,1,0.1037
2008-01-18,0,0
2008-01-19,0,0
2008-01-20,0,0
2008-01-21,1,0.0672
2008-01-22,0,0
2008-01-23,0,0
2008-01-24,0,0
2008-01-25,0,0
2008-01-26,0,0
2008-01-27,0,0
2008-01-28,0,0
2008-01-29,0,0
2008-01-30,1,0.1062
2008-01-31,0,0
2008-02-01,0,0
2008-02-02,1,0.212
2008-02-03,1,0.104
2008-02-04,1,0.0566
2008-02-05,0,0
2008-02-06,0,0
2008-02-07,1,0.5636
2008-02-08,1,0.0933
2008-02-09,1,0.5702
2008-02-10,1,0.039
2008-02-11,1,0.1152
2008-02-12,0,0
2008-02-13,1,0.3621
2008-02-14,0,0
2008-02-15,1,0.556
2008-02-16,1,0.1182
2008-02-17,0,0
2008-02-18,0,0
2008-02-19,0,0
2008-02-20,0,0
2008-02-21,0,0
2008-02-22,1,0.1502
2008-02-23,0,0
2008-02-24,1,0.4437
2008-02-25,0,0
2008-02-26,0,0
2008-02-27,1,0.0336
2008-02-28,0,0
2008-02-29,1,0.0339
2008-03-01,1,0.5987
2008-03-02,1,0.0388
2008-03-03,0,0
2008-03-04,1,0.1726
2008-03-05,1,0.3557
2008-03-06,0,0
2008-03-07,1,0.1017
2008-03-08,0,0
2008-03-09,1,0.5961
2008-03-10,0,0
2008-03-11,0,0
2008-03-12,1,0.4057
2008-03-13,0,0
2008-03-14,0,0
2008-03-15,0,0
2008-03-16,0,0
2008-03-17,0,0
2008-03-18,0,0
2008-03-19,0,0
2008-03-20,0,0
2008-03-21,0,0
2008-03-22,0,0
2008-03-23,1,0.0647
2008-03-24,0,0
2008-03-25,0,0
2008-03-26,1,0.5885
2008-03-27,0,0
2008-03-28,0,0
2008-03-29,1,0.2039
2008-03-30,1,0.3592
2008-03-31,0,0
2008-04-01,1,0.0668
2008-04-02,1,0.555
2008-04-03,0,0
2008-04-04,1,0.1334
2008-04-05,0,0
2008-04-06,1,0.1934
2008-04-07,0,0
2008-04-08,0,0
2008-04-09,0,0
2008-04-10,1,0.3503
2008-04-11,1,0.0771
2008-04-12,1,0.1818
2008-04-13,1,0.0326
2008-04-14,0,0
2008-04-15,0,0
2008-04-16,1,0.0888
2008-04-17,0,0
2008-04-18,0,0
2008-04-19,0,0
2008-04-20,0,0
2008-04-21,1,0.1668
2008-04-22,0,0
2008-04-23,1,0.1299
2008-04-24,0,0
2008-04-25,0,0
2008-04-26,0,0
2008-04-27,1,0.1449
2008-04-28,0,0
2008-04-29,0,0
2008-04-30,0,0
2008-05-01,0,0
2008-05-02,0,0
2008-05-03,0,0
2008-05-04,0,0
2008-05-05,1,0.5708
2008-05-06,0,0
2008-05-07,1,0.4063
2008-05-08,1,0.4127
2008-05-09,1,0.4465
2008-05-10,0,0
2008-05-11,0,0
2008-05-12,0,0
2008-05-13,1,0.5927
2008-05-14,0,0
2008-05-15,1,0.5609
2008-05-16,0,0
2008-05-17,0,0
2008-05-18,1,0.3861
2008-05-19,0,0
2008-05-20,0,0
2008-05-21,1,0.0439
2008-05-22,0,0
2008-05-23,0,0
2008-05-24,1,0.0351
2008-05-25,0,0
2008-05-26,0,0
2008-05-27,0,0
2008-05-28,0,0
2008-05-29,1,0.0466
2008-05-30,1,0.0976
2008-05-31,0,0
2008-06-01,0,0
2008-06-02,0,0
2008-06-03,0,0
2008-06-04,0,0
2008-06-05,0,0
2008-06-06,0,0
2008-06-07,0,0
2008-06-08,1,0.561
2008-06-09,0,0
2008-06-10,1,0.1437
2008-06-11,0,0
2008-06-12,0,0
2008-06-13,1,0.558
2008-06-14,1,0.0345
2008-06-15,0,0
2008-06-16,1,0.331
2008-06-17,1,0.2147
2008-06-18,0,0
2008-06-19,1,0.5641
2008-06-20,1,0.2137
2008-06-21,0,0
2008-06-22,0,0
2008-06-23,0,0
2008-06-24,0,0
2008-06-25,0,0
2008-06-26,0,0
2008-06-27,0,0
2008-06-28,1,0.0389
2008-06-29,0,0
2008-06-30,1,0.5811
2008-07-01,0,0
2008-07-02,0,0
2008-07-03,0,0
2008-07-04,0,0
2008-07-05,0,0
2008-07-06,0,0
2008-07-07,1,0.0894
2008-07-08,0,0
2008-07-09,0,0
2008-07-10,0,0
2008-07-11,0,0
2008-07-12,0,0
2008-07-13,1,0.3285
2008-07-14,1,0.1081
2008-07-15,0,0
2008-07-16,0,0
2008-07-17,1,0.1142
2008-07-18,0,0
2008-07-19,0,0
2008-07-20,1,0.0484
2008-07-21,1,0.039
2008-07-22,1,0.1042
2008-07-23,1,0.0817
2008-07-24,0,0
2008-07-25,0,0
2008-07-26,0,0
2008-07-27,0,0
2008-07-28,0,0
2008-07-29,1,0.038
2008-07-30,1,0.1773
2008-07-31,0,0
2008-08-01,0,0
2008-08-02,0,0
2008-08-03,0,0
2008-08-04,1,0.5788
2008-08-05,0,0
2008-08-06,0,0
2008-08-07,1,0.1149
2008-08-08,1,0.0341
2008-08-09,0,0
2008-08-10,1,0.4067
2008-08-11,1,0.3348
2008-08-12,0,0
2008-08-13,1,0.1371
2008-08-14,1,0.0336
2008-08-15,1,0.5923
2008-08-16,0,0
2008-08-17,0,0
2008-08-18,1,0.5744
2008-08-19,0,0
2008-08-20,0,0
2008-08-21,0,0
2008-08-22,1,0.4431
2008-08-23,0,0
2008-08-24,1,0.5911
2008-08-25,0,0
2008-08-26,0,0
2008-08-27,0,0
2008-08-28,0,0
2008-08-29,0,0
2008-08-30,0,0
2008-08-31,0,0
2008-09-01,0,0
2008-09-02,0,0
2008-09-03,1,0.4128
2008-09-04,0,0
2008-09-05,1,0.0697
2008-09-06,1,0.3573
2008-09-07,0,0
2008-09-08,1,0.3982
2008-09-09,1,0.5515
2008-09-10,1,0.4037
2008-09-11,0,0
2008-09-12,0,0
2008-09-13,1,0.5769
2008-09-14,0,0
2008-09-15,1,0.0887
2008-09-16,0,0
2008-09-17,1,0.1358
2008-09-18,0,0
2008-09-19,0,0
2008-09-20,0,0
2008-09-21,0,0
2008-09-22,0,0
2008-09-23,0,0
2008-09-24,1,0.1501
2008-09-25,0,0
2008-09-26,1,0.1361
2008-09-27,1,0.1168
2008-09-28,1,0.0462
2008-09-29,0,0
2008-09-30,0,0
2008-10-01,1,0.0715
2008-10-02,1,0.2156
2008-10-03,1,0.5603
2008-10-04,1,0.3967
2008-10-05,0,0
2008-10-06,1,0.0625
2008-10-07,0,0
2008-10-08,0,0
2008-10-09,0,0
2008-10-10,0,0
2008-10-11,0,0
2008-10-12,1,0.0915
2008-10-13,0,0
2008-10-14,1,0.2162
2008-10-15,1,0.138
2008-10-16,1,0.3664
2008-10-17,0,0
2008-10-18,0,0
2008-10-19,1,0.1025
2008-10-20,0,0
2008-10-21,1,0.4291
2008-10-22,0,0
2008-10-23,0,0
2008-10-24,1,0.0822
2008-10-25,0,0
2008-10-26,0,0
2008-10-27,1,0.0736
2008-10-28,0,0
2008-10-29,0,0
2008-10-30,1,0.0515
2008-10-31,0,0
2008-11-01,0,0
2008-11-02,0,0
2008-11-03,0,0
2008-11-04,1,0.1525
2008-11-05,1,0.218
2008-11-06,0,0
2008-11-07,0,0
2008-11-08,1,0.0699
2008-11-09,0,0
2008-11-10,1,0.0596
2008-11-11,0,0
2008-11-12,1,0.2053
2008-11-13,1,0.1311
2008-11-14,0,0
2008-11-15,0,0
2008-11-16,0,0
2008-11-17,0,0
2008-11-18,0,0
2008-11-19,0,0
2008-11-20,0,0
2008-11-21,0,0
2008-11-22,0,0
2008-11-23,0,0
2008-11-24,0,0
2008-11-25,0,0
2008-11-26,1,0.3398
2008-11-27,0,0
2008-11-28,1,0.5655
2008-11-29,1,0.3898
2008-11-30,0,0
2008-12-01,0,0
2008-12-02,1,0.4378
2008-12-03,0,0
2008-12-04,1,0.036
2008-12-05,0,0
2008-12-06,0,0
2008-12-07,1,0.5878
2008-12-08,0,0
2008-12-09,0,0
2008-12-10,0,0
2008-12-11,0,0
2008-12-12,0,0
2008-12-13,0,0
2008-12-14,1,0.0374
2008-12-15,1,0.3908
2008-12-16,0,0
2008-12-17,0,0
2008-12-18,0,0
2008-12-19,0,0
2008-12-20,0,0
2008-12-21,0,0
2008-12-22,0,0
2008-12-23,0,0
2008-12-24,0,0
2008-12-25,0,0
2008-12-26,1,0.1787
2008-12-27,0,0
2008-12-28,1,0.068
2008-12-29,0,0
2008-12-30,1,0.0332
2008-12-31,1,0.179
2009-01-01,0,0
2009-01-02,1,0.0462
2009-01-03,1,0.3658
2009-01-04,1,0.034
2009-01-05,0,0
2009-01-06,0,0
2009-01-07,1,0.0351
2009-01-08,1,0.0478
2009-01-09,0,0
2009-01-10,0,0
2009-01-11,0,0
2009-01-12,1,0.328
2009-01-13,0,0
2009-01-14,0,0
2009-01-15,0,0
2009-01-16,0,0
2009-01-17,1,0.2067
2009-01-18,0,0
2009-01-19,0,0
2009-01-20,0,0
2009-01-21,1,0.5612
2009-01-22,1,0.0606
2009-01-23,1,0.124
2009-01-24,0,0
2009-01-25,1,0.1261
2009-01-26,1,0.0698
2009-01-27,1,0.5524
2009-01-28,1,0.1154
2009-01-29,1,0.0407
2009-01-30,1,0.037
2009-01-31,0,0
2009-02-01,0,0
2009-02-02,0,0
2009-02-03,0,0
2009-02-04,0,0
2009-02-05,0,0
2009-02-06,0,0
2009-02-07,1,0.5924
2009-02-08,0,0
2009-02-09,0,0
2009-02-10,1,0.0355
2009-02-11,0,0
2009-02-12,0,0
2009-02-13,0,0
2009-02-14,0,0
2009-02-15,0,0
2009-02-16,0,0
2009-02-17,0,0
2009-02-18,1,0.0882
2009-02-19,0,0
2009-02-20,0,0
2009-02-21,0,0
2009-02-22,0,0
2009-02-23,0,0
2009-02-24,0,0
2009-02-25,1,0.1146
2009-02-26,0,0
2009-02-27,0,0
2009-02-28,0,0
2009-03-01,0,0
2009-03-02,1,0.5852
2009-03-03,0,0
2009-03-04,1,0.0426
2009-03-05,0,0
2009-03-06,0,0
2009-03-07,0,0
2009-03-08,1,0.1661
2009-03-09,0,0
2009-03-10,0,0
2009-03-11,0,0
2009-03-12,1,0.1245
2009-03-13,0,0
2009-03-14,0,0
2009-03-15,0,0
2009-03-16,1,0.0667
2009-03-17,0,0
2009-03-18,1,0.0415
2009-03-19,1,0.0349
2009-03-20,0,0
2009-03-21,1,0.0307
2009-03-22,0,0
2009-03-23,1,0.0701
2009-03-24,0,0
2009-03-25,0,0
2009-03-26,0,0
2009-03-27,0,0
2009-03-28,1,0.0324
2009-03-29,0,0
2009-03-30,0,0
2009-03-31,1,0.0511
2009-04-01,1,0.2018
2009-04-02,0,0
2009-04-03,0,0
2009-04-04,0,0
2009-04-05,0,0
2009-04-06,0,0
2009-04-07,0,0
2009-04-08,1,0.121
2009-04-09,1,0.121
2009-04-10,0,0
2009-04-11,0,0
2009-04-12,0,0
2009-04-13,0,0
2009-04-14,0,0
2009-04-15,0,0
2009-04-16,1,0.1344
2009-04-17,1,0.1297
2009-04-18,1,0.5762
2009-04-19,1,0.0865
2009-04-20,0,0
2009-04-21,1,0.0373
2009-04-22,1,0.0377
2009-04-23,0,0
2009-04-24,0,0
2009-04-25,0,0
2009-04-26,0,0
2009-04-27,0,0
2009-04-28,1,0.0366
2009-04-29,0,0
2009-04-30,0,0
2009-05-01,0,0
2009-05-02,0,0
2009-05-03,1,0.1322
2009-05-04,0,0
2009-05-05,1,0.0308
2009-05-06,0,0
2009-05-07,1,0.1557
2009-05-08,1,0.5988
2009-05-09,1,0.3777
2009-05-10,1,0.104
2009-05-11,0,0
2009-05-12,0,0
2009-05-13,0,0
2009-05-14,1,0.1775
2009-05-15,0,0
2009-05-16,0,0
2009-05-17,1,0.0384
2009-05-18,0,0
2009-05-19,0,0
2009-05-20,1,0.1797
2009-05-21,0,0
2009-05-22,0,0
2009-05-23,0,0
2009-05-24,1,0.0816
2009-05-25,0,0
2009-05-26,1,0.1895
2009-05-27,1,0.1705
2009-05-28,0,0
2009-05-29,1,0.1061
2009-05-30,1,0.0874
2009-05-31,0,0
2009-06-01,0,0
2009-06-02,0,0
2009-06-03,0,0
2009-06-04,1,0.0746
2009-06-05,1,0.1341
2009-06-06,0,0
2009-06-07,0,0
2009-06-08,0,0
2009-06-09,0,0
2009-06-10,0,0
2009-06-11,1,0.1606
2009-06-12,1,0.0843
2009-06-13,1,0.2167
2009-06-14,0,0
2009-06-15,0,0
2009-06-16,0,0
2009-06-17,0,0
2009-06-18,0,0
2009-06-19,0,0
2009-06-20,0,0
2009-06-21,0,0
2009-06-22,1,0.439
2009-06-23,0,0
2009-06-24,1,0.0379
2009-06-25,1,0.0612
2009-06-26,0,0
2009-06-27,1,0.053
2009-06-28,1,0.0441
2009-06-29,1,0.2062
2009-06-30,0,0
2009-07-01,0,0
2009-07-02,1,0.3554
2009-07-03,1,0.581
2009-07-04,0,0
2009-07-05,0,0
2009-07-06,0,0
2009-07-07,0,0
2009-07-08,1,0.1562
2009-07-09,1,0.1586
2009-07-10,0,0
2009-07-11,0,0
2009-07-12,0,0
2009-07-13,0,0
2009-07-14,0,0
2009-07-15,1,0.0762
2009-07-16,0,0
2009-07-17,0,0
2009-07-18,0,0
2009-07-19,1,0.1128
2009-07-20,0,0
2009-07-21,0,0
2009-07-22,1,0.0584
2009-07-23,0,0
2009-07-24,1,0.034
2009-07-25,0,0
2009-07-26,1,0.0593
2009-07-27,1,0.4109
2009-07-28,0,0
2009-07-29,1,0.0303
2009-07-30,1,0.5849
2009-07-31,1,0.1324
2009-08-01,0,0
2009-08-02,0,0
2009-08-03,0,0
2009-08-04,0,0
2009-08-05,0,0
2009-08-06,0,0
2009-08-07,1,0.0362
2009-08-08,1,0.1151
2009-08-09,0,0
2009-08-10,1,0.134
2009-08-11,1,0.0542
2009-08-12,0,0
2009-08-13,0,0
2009-08-14,0,0
2009-08-15,0,0
2009-08-16,1,0.0949
2009-08-17,0,0
2009-08-18,1,0.0315
2009-08-19,1,0.0301
2009-08-20,0,0
2009-08-21,0,0
2009-08-22,0,0
2009-08-23,1,0.1028
2009-08-24,0,0
2009-08-25,0,0
2009-08-26,1,0.5946
2009-08-27,1,0.0762
2009-08-28,0,0
2009-08-29,0,0
2009-08-30,0,0
2009-08-31,0,0
2009-09-01,0,0
2009-09-02,0,0
2009-09-03,1,0.1309
2009-09-04,1,0.0308
2009-09-05,1,0.0367
2009-09-06,1,0.5924
2009-09-07,1,0.0462
2009-09-08,0,0
2009-09-09,0,0
2009-09-10,1,0.5704
2009-09-11,0,0
2009-09-12,1,0.1272
2009-09-13,1,0.0877
2009-09-14,0,0
2009-09-15,1,0.0864
2009-09-16,0,0
2009-09-17,0,0
2009-09-18,0,0
2009-09-19,0,0
2009-09-20,1,0.1097
2009-09-21,0,0
2009-09-22,1,0.0317
2009-09-23,0,0
2009-09-24,0,0
2009-09-25,1,0.3778
2009-09-26,0,0
2009-09-27,0,0
2009-09-28,1,0.4104
2009-09-29,0,0
2009-09-30,0,0
2009-10-01,1,0.0564
2009-10-02,0,0
2009-10-03,0,0
2009-10-04,0,0
2009-10-05,0,0
2009-10-06,0,0
2009-10-07,0,0
2009-10-08,1,0.0794
2009-10-09,0,0
2009-10-10,1,0.0564
2009-10-11,1,0.5607
2009-10-12,1,0.4024
2009-10-13,0,0
2009-10-14,1,0.0424
2009-10-15,1,0.1261
2009-10-16,0,0
2009-10-17,0,0
2009-10-18,0,0
2009-10-19,1,0.5677
2009-10-20,0,0
2009-10-21,0,0
2009-10-22,1,0.1889
2009-10-23,0,0
2009-10-24,0,0
2009-10-25,1,0.0366
2009-10-26,0,0
2009-10-27,0,0
2009-10-28,0,0
2009-10-29,0,0
2009-10-30,0,0
2009-10-31,0,0
2009-11-01,0,0
2009-11-02,0,0
2009-11-03,0,0
2009-11-04,1,0.5805
2009-11-05,0,0
2009-11-06,1,0.3918
2009-11-07,0,0
2009-11-08,0,0
2009-11-09,1,0.5776
2009-11-10,1,0.59
2009-11-11,1,0.5918
2009-11-12,0,0
2009-11-13,1,0.0311
2009-11-14,1,0.5744
2009-11-15,0,0
2009-11-16,0,0
2009-11-17,1,0.0499
2009-11-18,1,0.1795
2009-11-19,0,0
2009-11-20,1,0.0341
2009-11-21,0,0
2009-11-22,0,0
2009-11-23,1,0.4168
2009-11-24,1,0.1391
2009-11-25,0,0
2009-11-26,1,0.0386
2009-11-27,0,0
2009-11-28,1,0.4177
2009-11-29,1,0.5573
2009-11-30,1,0.3763
2009-12-01,0,0
2009-12-02,1,0.5863
2009-12-03,1,0.2078
2009-12-04,1,0.0396
2009-12-05,0,0
2009-12-06,0,0
2009-12-07,0,0
2009-12-08,0,0
2009-12-09,0,0
2009-12-10,0,0
2009-12-11,0,0
2009-12-12,0,0
2009-12-13,0,0
2009-12-14,1,0.1746
2009-12-15,0,0
2009-12-16,1,0.1167
2009-12-17,0,0
2009-12-18,0,0
2009-12-19,1,0.1558
2009-12-20,0,0
2009-12-21,0,0
2009-12-22,0,0
2009-12-23,1,0.405
2009-12-24,0,0
2009-12-25,0,0
2009-12-26,1,0.0676
2009-12-27,0,0
2009-12-28,0,0
2009-12-29,0,0
2009-12-30,0,0
2009-12-31,0,0
2010-01-01,0,0
2010-01-02,1,0.0379
2010-01-03,0,0
2010-01-04,0,0
2010-01-05,0,0
2010-01-06,1,0.0932
2010-01-07,1,0.5721
2010-01-08,0,0
2010-01-09,0,0
2010-01-10,1,0.0779
2010-01-11,0,0
2010-01-12,1,0.3359
2010-01-13,0,0
2010-01-14,1,0.0647
2010-01-15,1,0.1289
2010-01-16,0,0
2010-01-17,1,0.1196
2010-01-18,0,0
2010-01-19,1,0.0842
2010-01-20,0,0
2010-01-21,1,0.1984
2010-01-22,1,0.1735
2010-01-23,0,0
2010-01-24,0,0
2010-01-25,1,0.5632
2010-01-26,0,0
2010-01-27,0,0
2010-01-28,1,0.0329
2010-01-29,0,0
2010-01-30,1,0.0354
2010-01-31,0,0
2010-02-01,0,0
2010-02-02,0,0
2010-02-03,1,0.1076
2010-02-04,1,0.3445
2010-02-05,0,0
2010-02-06,0,0
2010-02-07,0,0
2010-02-08,1,0.5636
2010-02-09,0,0
2010-02-10,1,0.4497
2010-02-11,0,0
2010-02-12,0,0
2010-02-13,0,0
2010-02-14,1,0.0731
2010-02-15,1,0.0303
2010-02-16,1,0.1314
2010-02-17,1,0.1049
2010-02-18,0,0
2010-02-19,1,0.3442
2010-02-20,1,0.5995
2010-02-21,1,0.0584
2010-02-22,0,0
2010-02-23,1,0.1868
2010-02-24,1,0.403
2010-02-25,0,0
2010-02-26,0,0
2010-02-27,0,0
2010-02-28,0,0
2010-03-01,0,0
2010-03-02,0,0
2010-03-03,0,0
2010-03-04,0,0
2010-03-05,0,0
2010-03-06,1,0.1214
2010-03-07,0,0
2010-03-08,0,0
2010-03-09,1,0.0699
2010-03-10,0,0
2010-03-11,0,0
2010-03-12,0,0
2010-03-13,0,0
2010-03-14,1,0.1873
2010-03-15,0,0
2010-03-16,1,0.0605
2010-03-17,1,0.0481
2010-03-18,0,0
2010-03-19,1,0.1457
2010-03-20,0,0
2010-03-21,1,0.0492
2010-03-22,0,0
2010-03-23,0,0
2010-03-24,1,0.0989
2010-03-25,1,0.5992
2010-03-26,0,0
2010-03-27,0,0
2010-03-28,0,0
2010-03-29,1,0.3856
2010-03-30,0,0
2010-03-31,0,0
2010-04-01,1,0.087
2010-04-02,0,0
2010-04-03,0,0
2010-04-04,0,0
2010-04-05,0,0
2010-04-06,1,0.1626
2010-04-07,0,0
2010-04-08,1,0.5777
2010-04-09,0,0
2010-04-10,0,0
2010-04-11,1,0.1529
2010-04-12,1,0.0311
2010-04-13,1,0.1619
2010-04-14,0,0
2010-04-15,1,0.4215
2010-04-16,0,0
2010-04-17,1,0.5976
2010-04-18,0,0
2010-04-19,0,0
2010-04-20,1,0.0381
2010-04-21,0,0
2010-04-22,1,0.0806
2010-04-23,1,0.5733
2010-04-24,0,0
2010-04-25,1,0.1281
2010-04-26,0,0
2010-04-27,1,0.3484
2010-04-28,0,0
2010-04-29,0,0
2010-04-30,0,0
2010-05-01,1,0.3222
2010-05-02,0,0
2010-05-03,0,0
2010-05-04,0,0
2010-05-05,0,0
2010-05-06,1,0.0838
2010-05-07,1,0.0488
2010-05-08,0,0
2010-05-09,1,0.5591
2010-05-10,0,0
2010-05-11,1,0.0361
2010-05-12,1,0.0398
2010-05-13,0,0
2010-05-14,1,0.1135
2010-05-15,0,0
2010-05-16,0,0
2010-05-17,0,0
2010-05-18,0,0
2010-05-19,1,0.1869
2010-05-20,0,0
2010-05-21,1,0.3364
2010-05-22,0,0
2010-05-23,0,0
2010-05-24,0,0
2010-05-25,1,0.0656
2010-05-26,1,0.0387
2010-05-27,0,0
2010-05-28,0,0
2010-05-29,0,0
2010-05-30,1,0.0855
2010-05-31,1,0.5626
2010-06-01,1,0.0402
2010-06-02,0,0
2010-06-03,1,0.038
2010-06-04,0,0
2010-06-05,1,0.0385
2010-06-06,0,0
2010-06-07,0,0
2010-06-08,0,0
2010-06-09,1,0.0853
2010-06-10,1,0.0743
2010-06-11,0,0
2010-06-12,0,0
2010-06-13,1,0.1181
2010-06-14,0,0
2010-06-15,1,0.2085
2010-06-16,0,0
2010-06-17,0,0
2010-06-18,1,0.1825
2010-06-19,1,0.0386
2010-06-20,0,0
2010-06-21,1,0.032
2010-06-22,1,0.0518
2010-06-23,1,0.383
2010-06-24,1,0.0313
2010-06-25,1,0.1391
2010-06-26,0,0
2010-06-27,1,0.3865
2010-06-28,0,0
2010-06-29,0,0
2010-06-30,0,0
2010-07-01,1,0.0744
2010-07-02,1,0.5501
2010-07-03,0,0
2010-07-04,1,0.0727
2010-07-05,1,0.07
2010-07-06,0,0
2010-07-07,0,0
2010-07-08,1,0.0324
2010-07-09,0,0
2010-07-10,0,0
2010-07-11,1,0.3546
2010-07-12,0,0
2010-07-13,0,0
2010-07-14,0,0
2010-07-15,0,0
2010-07-16,1,0.0738
2010-07-17,0,0
2010-07-18,0,0
2010-07-19,0,0
2010-07-20,0,0
2010-07-21,1,0.0311
2010-07-22,0,0
2010-07-23,0,0
2010-07-24,0,0
2010-07-25,0,0
2010-07-26,1,0.104
2010-07-27,1,0.164
2010-07-28,0,0
2010-07-29,1,0.579
2010-07-30,0,0
2010-07-31,0,0
2010-08-01,1,0.2121
2010-08-02,1,0.099
2010-08-03,0,0
2010-08-04,0,0
2010-08-05,0,0
2010-08-06,0,0
2010-08-07,0,0
2010-08-08,1,0.5551
2010-08-09,0,0
2010-08-10,0,0
2010-08-11,0,0
2010-08-12,0,0
2010-08-13,0,0
2010-08-14,0,0
2010-08-15,0,0
2010-08-16,0,0
2010-08-17,1,0.1431
2010-08-18,0,0
2010-08-19,1,0.3899
2010-08-20,0,0
2010-08-21,0,0
2010-08-22,0,0
2010-08-23,1,0.0518
2010-08-24,0,0
2010-08-25,1,0.1349
2010-08-26,0,0
2010-08-27,1,0.3937
2010-08-28,0,0
2010-08-29,0,0
2010-08-30,0,0
2010-08-31,0,0
2010-09-01,0,0
2010-09-02,1,0.0327
2010-09-03,0,0
2010-09-04,0,0
2010-09-05,0,0
2010-09-06,0,0
2010-09-07,0,0
2010-09-08,0,0
2010-09-09,0,0
2010-09-10,0,0
2010-09-11,0,0
2010-09-12,1,0.0328
2010-09-13,1,0.3341
2010-09-14,0,0
2010-09-15,0,0
2010-09-16,0,0
2010-09-17,0,0
2010-09-18,1,0.0978
2010-09-19,0,0
2010-09-20,1,0.2069
2010-09-21,0,0
2010-09-22,1,0.0305
2010-09-23,1,0.0308
2010-09-24,1,0.0345
2010-09-25,0,0
2010-09-26,0,0
2010-09-27,0,0
2010-09-28,0,0
2010-09-29,0,0
2010-09-30,0,0
2010-10-01,1,0.0373
2010-10-02,1,0.5753
2010-10-03,1,0.2118
2010-10-04,1,0.0363
2010-10-05,1,0.1398
2010-10-06,0,0
2010-10-07,0,0
2010-10-08,0,0
2010-10-09,1,0.0392
2010-10-10,0,0
2010-10-11,0,0
2010-10-12,0,0
2010-10-13,0,0
2010-10-14,1,0.2095
2010-10-15,1,0.0397
2010-10-16,0,0
2010-10-17,1,0.0595
2010-10-18,0,0
2010-10-19,0,0
2010-10-20,0,0
2010-10-21,0,0
2010-10-22,0,0
2010-10-23,0,0
2010-10-24,0,0
2010-10-25,0,0
2010-10-26,0,0
2010-10-27,0,0
2010-10-28,0,0
2010-10-29,0,0
2010-10-30,1,0.3631
2010-10-31,0,0
2010-11-01,1,0.1317
2010-11-02,0,0
2010-11-03,0,0
2010-11-04,0,0
2010-11-05,0,0
2010-11-06,0,0
2010-11-07,0,0
2010-11-08,0,0
2010-11-09,1,0.5545
2010-11-10,1,0.574
2010-11-11,0,0
2010-11-12,0,0
2010-11-13,0,0
2010-11-14,0,0
2010-11-15,0,0
2010-11-16,0,0
2010-11-17,0,0
2010-11-18,0,0
2010-11-19,0,0
2010-11-20,0,0
2010-11-21,0,0
2010-11-22,1,0.0472
2010-11-23,0,0
2010-11-24,1,0.0379
2010-11-25,0,0
2010-11-26,0,0
2010-11-27,0,0
2010-11-28,0,0
2010-11-29,0,0
2010-11-30,0,0
2010-12-01,1,0.0351
2010-12-02,0,0
2010-12-03,0,0
2010-12-04,0,0
2010-12-05,0,0
2010-12-06,1,0.0576
2010-12-07,0,0
2010-12-08,1,0.1349
2010-12-09,0,0
2010-12-10,0,0
2010-12-11,0,0
2010-12-12,0,0
2010-12-13,0,0
2010-12-14,1,0.5688
2010-12-15,0,0
2010-12-16,1,0.1225
2010-12-17,1,0.4336
2010-12-18,1,0.0811
2010-12-19,0,0
2010-12-20,0,0
2010-12-21,0,0
2010-12-22,0,0
2010-12-23,1,0.0425
2010-12-24,0,0
2010-12-25,0,0
2010-12-26,1,0.1222
2010-12-27,0,0
2010-12-28,1,0.1164
2010-12-29,0,0
2010-12-30,0,0
2010-12-31,1,0.0377
2011-01-01,1,0.031
2011-01-02,1,0.213
2011-01-03,0,0
2011-01-04,1,0.0301
2011-01-05,1,0.0839
2011-01-06,0,0
2011-01-07,1,0.5558
2011-01-08,0,0
2011-01-09,0,0
2011-01-10,0,0
2011-01-11,0,0
2011-01-12,1,0.4156
2011-01-13,0,0
2011-01-14,0,0
2011-01-15,0,0
2011-01-16,0,0
2011-01-17,0,0
2011-01-18,1,0.0849
2011-01-19,0,0
2011-01-20,0,0
2011-01-21,1,0.5859
2011-01-22,1,0.2058
2011-01-23,0,0
2011-01-24,1,0.0392
2011-01-25,0,0
2011-01-26,0,0
2011-01-27,1,0.1578
2011-01-28,1,0.3775
2011-01-29,0,0
2011-01-30,0,0
2011-01-31,0,0
2011-02-01,1,0.0685
2011-02-02,0,0
2011-02-03,0,0
2011-02-04,1,0.417
2011-02-05,1,0.0389
2011-02-06,0,0
2011-02-07,0,0
2011-02-08,1,0.3288
2011-02-09,1,0.0381
2011-02-10,1,0.5549
2011-02-11,1,0.1902
2011-02-12,1,0.3441
2011-02-13,1,0.3516
2011-02-14,0,0
2011-02-15,0,0
2011-02-16,0,0
2011-02-17,1,0.0876
2011-02-18,0,0
2011-02-19,0,0
2011-02-20,0,0
2011-02-21,1,0.4379
2011-02-22,0,0
2011-02-23,1,0.3603
2011-02-24,0,0
2011-02-25,0,0
2011-02-26,0,0
2011-02-27,0,0
2011-02-28,1,0.1191
2011-03-01,0,0
2011-03-02,0,0
2011-03-03,0,0
2011-03-04,0,0
2011-03-05,0,0
2011-03-06,1,0.0749
2011-03-07,1,0.0479
2011-03-08,0,0
2011-03-09,1,0.391
2011-03-10,0,0
2011-03-11,1,0.0352
2011-03-12,1,0.4262
2011-03-13,0,0
2011-03-14,0,0
2011-03-15,1,0.3686
2011-03-16,0,0
2011-03-17,1,0.3455
2011-03-18,1,0.0304
2011-03-19,0,0
2011-03-20,1,0.368
2011-03-21,0,0
2011-03-22,0,0
2011-03-23,1,0.5891
2011-03-24,0,0
2011-03-25,1,0.3766
2011-03-26,1,0.0395
2011-03-27,1,0.5527
2011-03-28,0,0
2011-03-29,0,0
2011-03-30,1,0.2033
2011-03-31,1,0.3635
2011-04-01,1,0.3505
2011-04-02,0,0
2011-04-03,1,0.1759
2011-04-04,1,0.0334
2011-04-05,0,0
2011-04-06,0,0
2011-04-07,0,0
2011-04-08,0,0
2011-04-09,0,0
2011-04-10,0,0
2011-04-11,1,0.0834
2011-04-12,0,0
2011-04-13,0,0
2011-04-14,0,0
2011-04-15,1,0.1101
2011-04-16,1,0.2023
2011-04-17,0,0
2011-04-18,0,0
2011-04-19,1,0.0313
2011-04-20,0,0
2011-04-21,0,0
2011-04-22,0,0
2011-04-23,0,0
2011-04-24,0,0
2011-04-25,0,0
2011-04-26,0,0
2011-04-27,1,0.5955
2011-04-28,0,0
2011-04-29,1,0.0633
2011-04-30,0,0
2011-05-01,0,0
2011-05-02,0,0
2011-05-03,0,0
2011-05-04,0,0
2011-05-05,0,0
2011-05-06,0,0
2011-05-07,1,0.5609
2011-05-08,0,0
2011-05-09,0,0
2011-05-10,1,0.1022
2011-05-11,0,0
2011-05-12,1,0.1363
2011-05-13,0,0
2011-05-14,0,0
2011-05-15,1,0.5895
2011-05-16,1,0.0953
2011-05-17,1,0.3424
2011-05-18,0,0
2011-05-19,1,0.1073
2011-05-20,0,0
2011-05-21,1,0.0434
2011-05-22,0,0
2011-05-23,1,0.039
2011-05-24,1,0.5736
2011-05-25,1,0.5756
2011-05-26,1,0.1365
2011-05-27,0,0
2011-05-28,1,0.0316
2011-05-29,0,0
2011-05-30,0,0
2011-05-31,0,0
2011-06-01,0,0
2011-06-02,0,0
2011-06-03,0,0
2011-06-04,1,0.554
2011-06-05,1,0.0337
2011-06-06,1,0.5672
2011-06-07,0,0
2011-06-08,0,0
2011-06-09,1,0.156
2011-06-10,1,0.339
2011-06-11,0,0
2011-06-12,0,0
2011-06-13,0,0
2011-06-14,0,0
2011-06-15,0,0
2011-06-16,1,0.1154
2011-06-17,1,0.0501
2011-06-18,1,0.082
2011-06-19,0,0
2011-06-20,0,0
2011-06-21,0,0
2011-06-22,0,0
2011-06-23,0,0
2011-06-24,0,0
2011-06-25,0,0
2011-06-26,0,0
2011-06-27,0,0
2011-06-28,1,0.142
2011-06-29,1,0.3678
2011-06-30,1,0.2056
2011-07-01,1,0.4282
2011-07-02,0,0
2011-07-03,0,0
2011-07-04,1,0.096
2011-07-05,0,0
2011-07-06,1,0.3302
2011-07-07,1,0.1325
2011-07-08,0,0
2011-07-09,0,0
2011-07-10,0,0
2011-07-11,1,0.03
2011-07-12,0,0
2011-07-13,0,0
2011-07-14,0,0
2011-07-15,0,0
2011-07-16,0,0
2011-07-17,1,0.3401
2011-07-18,1,0.1398
2011-07-19,0,0
2011-07-20,0,0
2011-07-21,0,0
2011-07-22,1,0.1413
2011-07-23,1,0.047
2011-07-24,0,0
2011-07-25,0,0
2011-07-26,0,0
2011-07-27,1,0.1176
2011-07-28,0,0
2011-07-29,1,0.1104
2011-07-30,1,0.3594
2011-07-31,0,0
2011-08-01,1,0.5624
2011-08-02,1,0.0627
2011-08-03,0,0
2011-08-04,0,0
2011-08-05,1,0.0945
2011-08-06,1,0.1932
2011-08-07,1,0.2099
2011-08-08,1,0.5819
2011-08-09,0,0
2011-08-10,1,0.0394
2011-08-11,0,0
2011-08-12,0,0
2011-08-13,1,0.5994
2011-08-14,1,0.1222
2011-08-15,0,0
2011-08-16,1,0.1606
2011-08-17,0,0
2011-08-18,0,0
2011-08-19,0,0
2011-08-20,0,0
2011-08-21,0,0
2011-08-22,0,0
2011-08-23,1,0.0425
2011-08-24,0,0
2011-08-25,1,0.5663
2011-08-26,1,0.5574
2011-08-27,1,0.1661
2011-08-28,1,0.5739
2011-08-29,1,0.0868
2011-08-30,0,0
2011-08-31,1,0.0472
2011-09-01,1,0.5893
2011-09-02,0,0
2011-09-03,1,0.0326
2011-09-04,0,0
2011-09-05,1,0.3905
2011-09-06,1,0.151
2011-09-07,1,0.3888
2011-09-08,0,0
2011-09-09,0,0
2011-09-10,1,0.5591
2011-09-11,0,0
2011-09-12,0,0
2011-09-13,0,0
2011-09-14,1,0.3467
2011-09-15,0,0
2011-09-16,0,0
2011-09-17,0,0
2011-09-18,1,0.2194
2011-09-19,0,0
2011-09-20,0,0
2011-09-21,0,0
2011-09-22,0,0
2011-09-23,0,0
2011-09-24,1,0.5854
2011-09-25,0,0
2011-09-26,1,0.0619
2011-09-27,0,0
2011-09-28,1,0.1491
2011-09-29,0,0
2011-09-30,0,0
2011-10-01,1,0.1389
2011-10-02,1,0.0729
2011-10-03,1,0.0341
2011-10-04,1,0.0842
2011-10-05,0,0
2011-10-06,0,0
2011-10-07,0,0
2011-10-08,0,0
2011-10-09,1,0.2075
2011-10-10,1,0.0355
2011-10-11,0,0
2011-10-12,1,0.5908
2011-10-13,0,0
2011-10-14,0,0
2011-10-15,1,0.0835
2011-10-16,0,0
2011-10-17,1,0.41
2011-10-18,0,0
2011-10-19,1,0.5503
2011-10-20,0,0
2011-10-21,0,0
2011-10-22,1,0.1689
2011-10-23,0,0
2011-10-24,1,0.423
2011-10-25,0,0
2011-10-26,0,0
2011-10-27,0,0
2011-10-28,0,0
2011-10-29,0,0
2011-10-30,0,0
2011-10-31,0,0
2011-11-01,0,0
2011-11-02,1,0.1193
2011-11-03,1,0.0714
2011-11-04,1,0.0626
2011-11-05,0,0
2011-11-06,0,0
2011-11-07,1,0.0962
2011-11-08,1,0.0462
2011-11-09,0,0
2011-11-10,1,0.0612
2011-11-11,0,0
2011-11-12,1,0.0906
2011-11-13,1,0.5978
2011-11-14,0,0
2011-11-15,0,0
2011-11-16,0,0
2011-11-17,1,0.3776
2011-11-18,0,0
2011-11-19,1,0.1931
2011-11-20,0,0
2011-11-21,1,0.0342
2011-11-22,1,0.0966
2011-11-23,0,0
2011-11-24,0,0
2011-11-25,1,0.0565
2011-11-26,0,0
2011-11-27,0,0
2011-11-28,1,0.0331
2011-11-29,0,0
2011-11-30,1,0.0385
2011-12-01,0,0
2011-12-02,0,0
2011-12-03,0,0
2011-12-04,1,0.5647
2011-12-05,0,0
2011-12-06,1,0.1377
2011-12-07,1,0.0339
2011-12-08,0,0
2011-12-09,0,0
2011-12-10,0,0
2011-12-11,0,0
2011-12-12,0,0
2011-12-13,1,0.3487
2011-12-14,1,0.1393
2011-12-15,0,0
2011-12-16,0,0
2011-12-17,1,0.3431
2011-12-18,1,0.3994
2011-12-19,0,0
2011-12-20,0,0
2011-12-21,1,0.5772
2011-12-22,1,0.5714
2011-12-23,1,0.3339
2011-12-24,1,0.0318
2011-12-25,0,0
2011-12-26,0,0
2011-12-27,0,0
2011-12-28,1,0.0331
2011-12-29,0,0
2011-12-30,0,0
2011-12-31,0,0
2012-01-01,1,0.1717
2012-01-02,0,0
2012-01-03,1,0.1659
2012-01-04,0,0
2012-01-05,0,0
2012-01-06,0,0
2012-01-07,0,0
2012-01-08,0,0
2012-01-09,0,0
2012-01-10,0,0
2012-01-11,0,0
2012-01-12,0,0
2012-01-13,0,0
2012-01-14,0,0
2012-01-15,1,0.0315
2012-01-16,1,0.4487
2012-01-17,0,0
2012-01-18,0,0
2012-01-19,1,0.0342
2012-01-20,1,0.5848
2012-01-21,0,0
2012-01-22,1,0.0334
2012-01-23,0,0
2012-01-24,0,0
2012-01-25,0,0
2012-01-26,0,0
2012-01-27,1,0.5595
2012-01-28,0,0
2012-01-29,1,0.5673
2012-01-30,0,0
2012-01-31,0,0
2012-02-01,0,0
2012-02-02,1,0.0741
2012-02-03,1,0.0673
2012-02-04,1,0.1231
2012-02-05,0,0
2012-02-06,0,0
2012-02-07,0,0
2012-02-08,0,0
2012-02-09,0,0
2012-02-10,1,0.0354
2012-02-11,0,0
2012-02-12,0,0
2012-02-13,0,0
2012-02-14,0,0
2012-02-15,1,0.0365
2012-02-16,1,0.0332
2012-02-17,0,0
2012-02-18,0,0
2012-02-19,0,0
2012-02-20,0,0
2012-02-21,0,0
2012-02-22,0,0
2012-02-23,0,0
2012-02-24,1,0.5535
2012-02-25,0,0
2012-02-26,0,0
2012-02-27,0,0
2012-02-28,1,0.0614
2012-02-29,1,0.0557
2012-03-01,0,0
2012-03-02,0,0
2012-03-03,0,0
2012-03-04,0,0
2012-03-05,1,0.1298
2012-03-06,0,0
2012-03-07,0,0
2012-03-08,0,0
2012-03-09,0,0
2012-03-10,0,0
2012-03-11,1,0.5971
2012-03-12,1,0.0727
2012-03-13,0,0
2012-03-14,0,0
2012-03-15,1,0.1231
2012-03-16,0,0
2012-03-17,1,0.5662
2012-03-18,0,0
2012-03-19,0,0
2012-03-20,1,0.1397
2012-03-21,1,0.5692
2012-03-22,0,0
2012-03-23,0,0
2012-03-24,0,0
2012-03-25,0,0
2012-03-26,0,0
2012-03-27,0,0
2012-03-28,0,0
2012-03-29,1,0.3315
2012-03-30,1,0.1838
2012-03-31,0,0
2012-04-01,0,0
2012-04-02,1,0.0301
2012-04-03,0,0
2012-04-04,0,0
2012-04-05,0,0
2012-04-06,1,0.165
2012-04-07,0,0
2012-04-08,0,0
2012-04-09,0,0
2012-04-10,1,0.3357
2012-04-11,1,0.0391
2012-04-12,0,0
2012-04-13,0,0
2012-04-14,0,0
2012-04-15,1,0.1385
2012-04-16,0,0
2012-04-17,0,0
2012-04-18,1,0.1119
2012-04-19,0,0
2012-04-20,0,0
2012-04-21,0,0
2012-04-22,0,0
2012-04-23,1,0.0357
2012-04-24,0,0
2012-04-25,1,0.2077
2012-04-26,1,0.0337
2012-04-27,1,0.5728
2012-04-28,1,0.1871
2012-04-29,0,0
2012-04-30,1,0.4201
2012-05-01,1,0.0316
2012-05-02,1,0.5649
2012-05-03,0,0
2012-05-04,0,0
2012-05-05,0,0
2012-05-06,0,0
2012-05-07,1,0.3422
2012-05-08,0,0
2012-05-09,0,0
2012-05-10,1,0.041
2012-05-11,0,0
2012-05-12,0,0
2012-05-13,0,0
2012-05-14,0,0
2012-05-15,0,0
2012-05-16,0,0
2012-05-17,1,0.0393
2012-05-18,0,0
2012-05-19,0,0
2012-05-20,0,0
2012-05-21,0,0
2012-05-22,1,0.1794
2012-05-23,1,0.1031
2012-05-24,0,0
2012-05-25,0,0
2012-05-26,0,0
2012-05-27,0,0
2012-05-28,0,0
2012-05-29,1,0.0386
2012-05-30,0,0
2012-05-31,0,0
2012-06-01,0,0
2012-06-02,0,0
2012-06-03,1,0.1178
2012-06-04,0,0
2012-06-05,1,0.0423
2012-06-06,1,0.0934
2012-06-07,1,0.5738
2012-06-08,1,0.5727
2012-06-09,1,0.0575
2012-06-10,1,0.5758
2012-06-11,1,0.1365
2012-06-12,0,0
2012-06-13,0,0
2012-06-14,0,0
2012-06-15,1,0.3923
2012-06-16,0,0
2012-06-17,0,0
2012-06-18,0,0
2012-06-19,0,0
2012-06-20,0,0
2012-06-21,0,0
2012-06-22,1,0.5651
2012-06-23,1,0.4003
2012-06-24,0,0
2012-06-25,0,0
2012-06-26,1,0.039
2012-06-27,1,0.5671
2012-06-28,0,0
2012-06-29,0,0
2012-06-30,0,0
2012-07-01,0,0
